Workbook

Sheet Dashboard
A1: JNCIE-SP → Juniper SP Engineer Lab Roadmap
A3: Built for a CCIE R&S engineer: compressed fundamentals, heavy Junos behavior, services, fault isolation, and production discipline.
A5: Total Labs | B5: Completed | D5: In Progress | E5: Total Hours | G5: Completion | H5: Hours Done
A6: =COUNTA('Lab Checklist'!$A$2:$A$124) -> 123 | B6: =COUNTIF('Lab Checklist'!$L$2:$L$124,"*Completed*") -> 2 | D6: =COUNTIF('Lab Checklist'!$L$2:$L$124,"*In Progress*") -> 0 | E6: =SUM('Lab Checklist'!$H$2:$H$124) -> 488 | G6: =IFERROR(B6/A6,0) -> 0.016260163 | H6: =SUMIF('Lab Checklist'!$L$2:$L$124,"*Completed*",'Lab Checklist'!$H$2:$H$124) -> 4
A8: Phase | B8: Labs | C8: Completed | D8: Progress | F8: Recommended cadence
A9: 1. Junos Core Skills | B9: 10 | C9: =COUNTIFS('Lab Checklist'!$B$2:$B$124,A9,'Lab Checklist'!$L$2:$L$124,"*Completed*") -> 2 | D9: =IFERROR(C9/B9,0) -> 0.2 | F9: 5 days/week • 2 build labs • 1 troubleshooting rebuild • 1 review/flashcard session • 1 timed integration block Do not mark complete until you can rebuild from a blank config, explain the control plane, prove the data plane, and repair a seeded fault without a recipe.
A10: 2. IGP Engineering | B10: 12 | C10: =COUNTIFS('Lab Checklist'!$B$2:$B$124,A10,'Lab Checklist'!$L$2:$L$124,"*Completed*") -> 0 | D10: =IFERROR(C10/B10,0) -> 0
A11: 3. BGP at Scale | B11: 12 | C11: =COUNTIFS('Lab Checklist'!$B$2:$B$124,A11,'Lab Checklist'!$L$2:$L$124,"*Completed*") -> 0 | D11: =IFERROR(C11/B11,0) -> 0
A12: 4. MPLS Transport | B12: 14 | C12: =COUNTIFS('Lab Checklist'!$B$2:$B$124,A12,'Lab Checklist'!$L$2:$L$124,"*Completed*") -> 0 | D12: =IFERROR(C12/B12,0) -> 0
A13: 5. Segment Routing | B13: 8 | C13: =COUNTIFS('Lab Checklist'!$B$2:$B$124,A13,'Lab Checklist'!$L$2:$L$124,"*Completed*") -> 0 | D13: =IFERROR(C13/B13,0) -> 0
A14: 6. Layer 3 VPN | B14: 12 | C14: =COUNTIFS('Lab Checklist'!$B$2:$B$124,A14,'Lab Checklist'!$L$2:$L$124,"*Completed*") -> 0 | D14: =IFERROR(C14/B14,0) -> 0
A15: 7. Layer 2 Services | B15: 9 | C15: =COUNTIFS('Lab Checklist'!$B$2:$B$124,A15,'Lab Checklist'!$L$2:$L$124,"*Completed*") -> 0 | D15: =IFERROR(C15/B15,0) -> 0
A16: 8. EVPN | B16: 10 | C16: =COUNTIFS('Lab Checklist'!$B$2:$B$124,A16,'Lab Checklist'!$L$2:$L$124,"*Completed*") -> 0 | D16: =IFERROR(C16/B16,0) -> 0
A17: 9. Multicast | B17: 9 | C17: =COUNTIFS('Lab Checklist'!$B$2:$B$124,A17,'Lab Checklist'!$L$2:$L$124,"*Completed*") -> 0 | D17: =IFERROR(C17/B17,0) -> 0
A18: 10. CoS | B18: 7 | C18: =COUNTIFS('Lab Checklist'!$B$2:$B$124,A18,'Lab Checklist'!$L$2:$L$124,"*Completed*") -> 0 | D18: =IFERROR(C18/B18,0) -> 0
A19: 11. Operations & Automation | B19: 10 | C19: =COUNTIFS('Lab Checklist'!$B$2:$B$124,A19,'Lab Checklist'!$L$2:$L$124,"*Completed*") -> 0 | D19: =IFERROR(C19/B19,0) -> 0
A20: 12. Expert Integration | B20: 10 | C20: =COUNTIFS('Lab Checklist'!$B$2:$B$124,A20,'Lab Checklist'!$L$2:$L$124,"*Completed*") -> 0 | D20: =IFERROR(C20/B20,0) -> 0

Sheet Lab Checklist
A1: Lab ID | B1: Phase | C1: Domain | D1: Track | E1: Lab / Scenario | F1: Mastery Outcome | G1: Suggested Topology | H1: Est. Hours | I1: Difficulty | J1: Priority | K1: Dependency | L1: Status | M1: Confidence (0-5) | N1: Evidence Link / Folder | O1: Completed Date | P1: Required Evidence | Q1: Notes / Gap
A2: LAB-001 | B2: 1. Junos Core Skills | C2: Junos & Platform | D2: Foundation | E2: Safe configuration workflow | F2: Use candidate configuration, compare, commit check, confirmed commit, rollback, rescue and configuration groups safely. | G2: Minimum 4–8 routers as needed; add CE/host/traffic-generator nodes for service validation. | H2: 2 | I2: Intermediate | J2: Core | L2: ☑ Completed | M2: 0 | O2: 46243 | P2: Save configs, key show commands, packet/traffic proof, fault notes, and a short root-cause summary.
A3: LAB-002 | B3: 1. Junos Core Skills | C3: Junos & Platform | D3: Foundation | E3: Hierarchy, inheritance and groups | F3: Build reusable groups, apply-groups-except, interface-range and inspect inherited configuration. | G3: Minimum 4–8 routers as needed; add CE/host/traffic-generator nodes for service validation. | H3: 2 | I3: Intermediate | J3: Core | K3: LAB-001 | L3: ☑ Completed | M3: 0 | P3: Save configs, key show commands, packet/traffic proof, fault notes, and a short root-cause summary.
A4: LAB-003 | B4: 1. Junos Core Skills | C4: Junos & Platform | D4: Foundation | E4: Operational CLI mastery | F4: Filter, match, count, display detail/extensive, monitor, request support information and save evidence efficiently. | G4: Minimum 4–8 routers as needed; add CE/host/traffic-generator nodes for service validation. | H4: 2 | I4: Intermediate | J4: Core | K4: LAB-002 | L4: ☐ Not Started | M4: 0 | P4: Save configs, key show commands, packet/traffic proof, fault notes, and a short root-cause summary.
A5: LAB-004 | B5: 1. Junos Core Skills | C5: Junos & Platform | D5: Foundation | E5: Routing tables and next-hop resolution | F5: Trace a route across inet.0, inet.3, mpls.0 and protocol-specific tables including hidden routes. | G5: Minimum 4–8 routers as needed; add CE/host/traffic-generator nodes for service validation. | H5: 2 | I5: Intermediate | J5: Core | K5: LAB-003 | L5: ☐ Not Started | M5: 0 | P5: Save configs, key show commands, packet/traffic proof, fault notes, and a short root-cause summary.
A6: LAB-005 | B6: 1. Junos Core Skills | C6: Junos & Platform | D6: Foundation | E6: Policy language fundamentals | F6: Build deterministic term-based import/export policies using prefix lists, communities and subroutines. | G6: Minimum 4–8 routers as needed; add CE/host/traffic-generator nodes for service validation. | H6: 2 | I6: Intermediate | J6: Core | K6: LAB-004 | L6: ☐ Not Started | M6: 0 | P6: Save configs, key show commands, packet/traffic proof, fault notes, and a short root-cause summary.
A7: LAB-006 | B7: 1. Junos Core Skills | C7: Junos & Platform | D7: Foundation | E7: Policy chains and default actions | F7: Prove accept/reject behavior across chained policies and protocol defaults. | G7: Minimum 4–8 routers as needed; add CE/host/traffic-generator nodes for service validation. | H7: 2 | I7: Intermediate | J7: Core | K7: LAB-005 | L7: ☐ Not Started | M7: 0 | P7: Save configs, key show commands, packet/traffic proof, fault notes, and a short root-cause summary.
A8: LAB-007 | B8: 1. Junos Core Skills | C8: Junos & Platform | D8: Foundation | E8: RIB groups and instance import | F8: Leak selected routes between tables without accidental feedback loops. | G8: Minimum 4–8 routers as needed; add CE/host/traffic-generator nodes for service validation. | H8: 2 | I8: Intermediate | J8: Core | K8: LAB-006 | L8: ☐ Not Started | M8: 0 | P8: Save configs, key show commands, packet/traffic proof, fault notes, and a short root-cause summary.
A9: LAB-008 | B9: 1. Junos Core Skills | C9: Junos & Platform | D9: Foundation | E9: Routing instances taxonomy | F9: Demonstrate virtual-router, forwarding, vrf, vpls and evpn instance behavior. | G9: Minimum 4–8 routers as needed; add CE/host/traffic-generator nodes for service validation. | H9: 2 | I9: Intermediate | J9: Core | K9: LAB-007 | L9: ☐ Not Started | M9: 0 | P9: Save configs, key show commands, packet/traffic proof, fault notes, and a short root-cause summary.
A10: LAB-009 | B10: 1. Junos Core Skills | C10: Junos & Platform | D10: Foundation | E10: Junos automation basics | F10: Generate set-format config, use load merge/replace/override and validate repeatable deployments. | G10: Minimum 4–8 routers as needed; add CE/host/traffic-generator nodes for service validation. | H10: 2 | I10: Intermediate | J10: Core | K10: LAB-008 | L10: ☐ Not Started | M10: 0 | P10: Save configs, key show commands, packet/traffic proof, fault notes, and a short root-cause summary.
A11: LAB-010 | B11: 1. Junos Core Skills | C11: Junos & Platform | D11: Foundation | E11: Platform observability | F11: Correlate RPD, kernel, interface, PFE and chassis state during a controlled fault. | G11: Minimum 4–8 routers as needed; add CE/host/traffic-generator nodes for service validation. | H11: 2 | I11: Intermediate | J11: Core | K11: LAB-009 | L11: ☐ Not Started | M11: 0 | P11: Save configs, key show commands, packet/traffic proof, fault notes, and a short root-cause summary.
A12: LAB-011 | B12: 2. IGP Engineering | C12: OSPF & IS-IS | D12: Core | E12: OSPF multi-area baseline | F12: Build areas 0, stub, totally stub and NSSA; validate LSDB scope and route preference. | G12: Minimum 4–8 routers as needed; add CE/host/traffic-generator nodes for service validation. | H12: 3 | I12: Advanced | J12: Core | L12: ☐ Not Started | M12: 0 | P12: Save configs, key show commands, packet/traffic proof, fault notes, and a short root-cause summary.
A13: LAB-012 | B13: 2. IGP Engineering | C13: OSPF & IS-IS | D13: Core | E13: OSPF route control | F13: Control internal, external and NSSA routes with export policy, metrics and tags. | G13: Minimum 4–8 routers as needed; add CE/host/traffic-generator nodes for service validation. | H13: 3 | I13: Advanced | J13: Core | K13: LAB-011 | L13: ☐ Not Started | M13: 0 | P13: Save configs, key show commands, packet/traffic proof, fault notes, and a short root-cause summary.
A14: LAB-013 | B14: 2. IGP Engineering | C14: OSPF & IS-IS | D14: Core | E14: OSPF adjacency edge cases | F14: Troubleshoot MTU, timer, authentication, network type, area and duplicate RID failures. | G14: Minimum 4–8 routers as needed; add CE/host/traffic-generator nodes for service validation. | H14: 3 | I14: Advanced | J14: Core | K14: LAB-012 | L14: ☐ Not Started | M14: 0 | P14: Save configs, key show commands, packet/traffic proof, fault notes, and a short root-cause summary.
A15: LAB-014 | B15: 2. IGP Engineering | C15: OSPF & IS-IS | D15: Core | E15: OSPF overload and protection | F15: Test overload, prefix suppression, passive interfaces, BFD and graceful restart behavior. | G15: Minimum 4–8 routers as needed; add CE/host/traffic-generator nodes for service validation. | H15: 3 | I15: Advanced | J15: Core | K15: LAB-013 | L15: ☐ Not Started | M15: 0 | P15: Save configs, key show commands, packet/traffic proof, fault notes, and a short root-cause summary.
A16: LAB-015 | B16: 2. IGP Engineering | C16: OSPF & IS-IS | D16: Core | E16: OSPF traffic engineering database | F16: Enable TE extensions and verify link attributes used by CSPF. | G16: Minimum 4–8 routers as needed; add CE/host/traffic-generator nodes for service validation. | H16: 3 | I16: Advanced | J16: Core | K16: LAB-014 | L16: ☐ Not Started | M16: 0 | P16: Save configs, key show commands, packet/traffic proof, fault notes, and a short root-cause summary.
A17: LAB-016 | B17: 2. IGP Engineering | C17: OSPF & IS-IS | D17: Core | E17: IS-IS L1/L2 baseline | F17: Build L1, L2 and L1/L2 domains; validate attached bit, leaking and default behavior. | G17: Minimum 4–8 routers as needed; add CE/host/traffic-generator nodes for service validation. | H17: 3 | I17: Advanced | J17: Core | K17: LAB-015 | L17: ☐ Not Started | M17: 0 | P17: Save configs, key show commands, packet/traffic proof, fault notes, and a short root-cause summary.
A18: LAB-017 | B18: 2. IGP Engineering | C18: OSPF & IS-IS | D18: Core | E18: IS-IS wide metrics and topology | F18: Use wide metrics, passive, point-to-point, reference bandwidth and multi-topology concepts. | G18: Minimum 4–8 routers as needed; add CE/host/traffic-generator nodes for service validation. | H18: 3 | I18: Advanced | J18: Core | K18: LAB-016 | L18: ☐ Not Started | M18: 0 | P18: Save configs, key show commands, packet/traffic proof, fault notes, and a short root-cause summary.
A19: LAB-018 | B19: 2. IGP Engineering | C19: OSPF & IS-IS | D19: Core | E19: IS-IS route leaking and policies | F19: Leak selected L2 routes to L1 and prevent suboptimal routing or loops. | G19: Minimum 4–8 routers as needed; add CE/host/traffic-generator nodes for service validation. | H19: 3 | I19: Advanced | J19: Core | K19: LAB-017 | L19: ☐ Not Started | M19: 0 | P19: Save configs, key show commands, packet/traffic proof, fault notes, and a short root-cause summary.
A20: LAB-019 | B20: 2. IGP Engineering | C20: OSPF & IS-IS | D20: Core | E20: IS-IS adjacency edge cases | F20: Troubleshoot ISO family, NET, level, MTU, authentication and interface-mode failures. | G20: Minimum 4–8 routers as needed; add CE/host/traffic-generator nodes for service validation. | H20: 3 | I20: Advanced | J20: Core | K20: LAB-018 | L20: ☐ Not Started | M20: 0 | P20: Save configs, key show commands, packet/traffic proof, fault notes, and a short root-cause summary.
A21: LAB-020 | B21: 2. IGP Engineering | C21: OSPF & IS-IS | D21: Core | E21: IS-IS overload and protection | F21: Test overload bit, prefix export, BFD, graceful restart and adjacency holddown. | G21: Minimum 4–8 routers as needed; add CE/host/traffic-generator nodes for service validation. | H21: 3 | I21: Advanced | J21: Core | K21: LAB-019 | L21: ☐ Not Started | M21: 0 | P21: Save configs, key show commands, packet/traffic proof, fault notes, and a short root-cause summary.
A22: LAB-021 | B22: 2. IGP Engineering | C22: OSPF & IS-IS | D22: Core | E22: IGP migration OSPF to IS-IS | F22: Migrate a live core with controlled preference and no service outage. | G22: Minimum 4–8 routers as needed; add CE/host/traffic-generator nodes for service validation. | H22: 3 | I22: Advanced | J22: Core | K22: LAB-020 | L22: ☐ Not Started | M22: 0 | P22: Save configs, key show commands, packet/traffic proof, fault notes, and a short root-cause summary.
A23: LAB-022 | B23: 2. IGP Engineering | C23: OSPF & IS-IS | D23: Core | E23: IGP convergence benchmark | F23: Measure failure detection, SPF, RIB and forwarding convergence under link/node faults. | G23: Minimum 4–8 routers as needed; add CE/host/traffic-generator nodes for service validation. | H23: 3 | I23: Advanced | J23: Core | K23: LAB-021 | L23: ☐ Not Started | M23: 0 | P23: Save configs, key show commands, packet/traffic proof, fault notes, and a short root-cause summary.
A24: LAB-023 | B24: 3. BGP at Scale | C24: BGP | D24: Core | E24: eBGP and iBGP policy baseline | F24: Build explicit import/export policy and prove Junos BGP default advertisement behavior. | G24: Minimum 4–8 routers as needed; add CE/host/traffic-generator nodes for service validation. | H24: 3 | I24: Advanced | J24: Core | L24: ☐ Not Started | M24: 0 | P24: Save configs, key show commands, packet/traffic proof, fault notes, and a short root-cause summary.
A25: LAB-024 | B25: 3. BGP at Scale | C25: BGP | D25: Core | E25: BGP path selection laboratory | F25: Manipulate local preference, AS path, origin, MED, IGP cost and router ID one variable at a time. | G25: Minimum 4–8 routers as needed; add CE/host/traffic-generator nodes for service validation. | H25: 3 | I25: Advanced | J25: Core | K25: LAB-023 | L25: ☐ Not Started | M25: 0 | P25: Save configs, key show commands, packet/traffic proof, fault notes, and a short root-cause summary.
A26: LAB-025 | B26: 3. BGP at Scale | C26: BGP | D26: Core | E26: Route reflection design | F26: Deploy redundant route reflectors, clusters and clients; prove loop prevention attributes. | G26: Minimum 4–8 routers as needed; add CE/host/traffic-generator nodes for service validation. | H26: 3 | I26: Advanced | J26: Core | K26: LAB-024 | L26: ☐ Not Started | M26: 0 | P26: Save configs, key show commands, packet/traffic proof, fault notes, and a short root-cause summary.
A27: LAB-026 | B27: 3. BGP at Scale | C27: BGP | D27: Core | E27: BGP communities toolkit | F27: Use standard, large, extended and well-known communities for scalable policy. | G27: Minimum 4–8 routers as needed; add CE/host/traffic-generator nodes for service validation. | H27: 3 | I27: Advanced | J27: Core | K27: LAB-025 | L27: ☐ Not Started | M27: 0 | P27: Save configs, key show commands, packet/traffic proof, fault notes, and a short root-cause summary.
A28: LAB-027 | B28: 3. BGP at Scale | C28: BGP | D28: Core | E28: BGP route damping and flap analysis | F28: Observe flap history and evaluate when damping is operationally harmful. | G28: Minimum 4–8 routers as needed; add CE/host/traffic-generator nodes for service validation. | H28: 3 | I28: Advanced | J28: Core | K28: LAB-026 | L28: ☐ Not Started | M28: 0 | P28: Save configs, key show commands, packet/traffic proof, fault notes, and a short root-cause summary.
A29: LAB-028 | B29: 3. BGP at Scale | C29: BGP | D29: Core | E29: BGP multipath and add-path | F29: Compare equal-cost multipath, multiple-as and add-path visibility. | G29: Minimum 4–8 routers as needed; add CE/host/traffic-generator nodes for service validation. | H29: 3 | I29: Advanced | J29: Core | K29: LAB-027 | L29: ☐ Not Started | M29: 0 | P29: Save configs, key show commands, packet/traffic proof, fault notes, and a short root-cause summary.
A30: LAB-029 | B30: 3. BGP at Scale | C30: BGP | D30: Core | E30: BGP graceful restart and NSR | F30: Test control-plane restart behavior and identify stale route risks. | G30: Minimum 4–8 routers as needed; add CE/host/traffic-generator nodes for service validation. | H30: 3 | I30: Advanced | J30: Core | K30: LAB-028 | L30: ☐ Not Started | M30: 0 | P30: Save configs, key show commands, packet/traffic proof, fault notes, and a short root-cause summary.
A31: LAB-030 | B31: 3. BGP at Scale | C31: BGP | D31: Core | E31: BGP authentication and TTL security | F31: Secure sessions and troubleshoot MD5, TTL and source-address mismatch. | G31: Minimum 4–8 routers as needed; add CE/host/traffic-generator nodes for service validation. | H31: 3 | I31: Advanced | J31: Core | K31: LAB-029 | L31: ☐ Not Started | M31: 0 | P31: Save configs, key show commands, packet/traffic proof, fault notes, and a short root-cause summary.
A32: LAB-031 | B32: 3. BGP at Scale | C32: BGP | D32: Core | E32: BGP prefix-limit safety | F32: Apply warning, teardown and idle-timeout behavior without causing collateral outages. | G32: Minimum 4–8 routers as needed; add CE/host/traffic-generator nodes for service validation. | H32: 3 | I32: Advanced | J32: Core | K32: LAB-030 | L32: ☐ Not Started | M32: 0 | P32: Save configs, key show commands, packet/traffic proof, fault notes, and a short root-cause summary.
A33: LAB-032 | B33: 3. BGP at Scale | C33: BGP | D33: Core | E33: BGP labeled unicast | F33: Carry labeled IPv4 prefixes and inspect label allocation, resolution and forwarding. | G33: Minimum 4–8 routers as needed; add CE/host/traffic-generator nodes for service validation. | H33: 3 | I33: Advanced | J33: Core | K33: LAB-031 | L33: ☐ Not Started | M33: 0 | P33: Save configs, key show commands, packet/traffic proof, fault notes, and a short root-cause summary.
A34: LAB-033 | B34: 3. BGP at Scale | C34: BGP | D34: Core | E34: BGP confederation scenario | F34: Build and troubleshoot a confederation and compare it with route reflection. | G34: Minimum 4–8 routers as needed; add CE/host/traffic-generator nodes for service validation. | H34: 3 | I34: Advanced | J34: Core | K34: LAB-032 | L34: ☐ Not Started | M34: 0 | P34: Save configs, key show commands, packet/traffic proof, fault notes, and a short root-cause summary.
A35: LAB-034 | B35: 3. BGP at Scale | C35: BGP | D35: Core | E35: Internet edge policy capstone | F35: Implement customer, peer and transit policies with bogon filtering, RPKI-informed design and max-prefix controls. | G35: Minimum 4–8 routers as needed; add CE/host/traffic-generator nodes for service validation. | H35: 3 | I35: Advanced | J35: Core | K35: LAB-033 | L35: ☐ Not Started | M35: 0 | P35: Save configs, key show commands, packet/traffic proof, fault notes, and a short root-cause summary.
A36: LAB-035 | B36: 4. MPLS Transport | C36: MPLS, LDP & RSVP | D36: Expert | E36: MPLS forwarding baseline | F36: Enable MPLS and trace label push, swap, PHP and explicit-null through mpls.0. | G36: Minimum 4–8 routers as needed; add CE/host/traffic-generator nodes for service validation. | H36: 4 | I36: Expert | J36: Core | L36: ☐ Not Started | M36: 0 | P36: Save configs, key show commands, packet/traffic proof, fault notes, and a short root-cause summary.
A37: LAB-036 | B37: 4. MPLS Transport | C37: MPLS, LDP & RSVP | D37: Expert | E37: LDP transport LSP | F37: Build LDP over the IGP and verify FEC-label bindings and inet.3 resolution. | G37: Minimum 4–8 routers as needed; add CE/host/traffic-generator nodes for service validation. | H37: 4 | I37: Expert | J37: Core | K37: LAB-035 | L37: ☐ Not Started | M37: 0 | P37: Save configs, key show commands, packet/traffic proof, fault notes, and a short root-cause summary.
A38: LAB-037 | B38: 4. MPLS Transport | C38: MPLS, LDP & RSVP | D38: Expert | E38: LDP synchronization | F38: Create a link-up race and prove IGP-LDP synchronization prevents blackholing. | G38: Minimum 4–8 routers as needed; add CE/host/traffic-generator nodes for service validation. | H38: 4 | I38: Expert | J38: Core | K38: LAB-036 | L38: ☐ Not Started | M38: 0 | P38: Save configs, key show commands, packet/traffic proof, fault notes, and a short root-cause summary.
A39: LAB-038 | B39: 4. MPLS Transport | C39: MPLS, LDP & RSVP | D39: Expert | E39: LDP targeted sessions | F39: Build targeted LDP and troubleshoot transport-address reachability. | G39: Minimum 4–8 routers as needed; add CE/host/traffic-generator nodes for service validation. | H39: 4 | I39: Expert | J39: Core | K39: LAB-037 | L39: ☐ Not Started | M39: 0 | P39: Save configs, key show commands, packet/traffic proof, fault notes, and a short root-cause summary.
A40: LAB-039 | B40: 4. MPLS Transport | C40: MPLS, LDP & RSVP | D40: Expert | E40: RSVP-TE dynamic LSP | F40: Build a CSPF-signaled LSP and interpret ERO, RRO, session and path state. | G40: Minimum 4–8 routers as needed; add CE/host/traffic-generator nodes for service validation. | H40: 4 | I40: Expert | J40: Core | K40: LAB-038 | L40: ☐ Not Started | M40: 0 | P40: Save configs, key show commands, packet/traffic proof, fault notes, and a short root-cause summary.
A41: LAB-040 | B41: 4. MPLS Transport | C41: MPLS, LDP & RSVP | D41: Expert | E41: RSVP strict/loose explicit path | F41: Steer traffic using strict and loose hops and diagnose CSPF failures. | G41: Minimum 4–8 routers as needed; add CE/host/traffic-generator nodes for service validation. | H41: 4 | I41: Expert | J41: Core | K41: LAB-039 | L41: ☐ Not Started | M41: 0 | P41: Save configs, key show commands, packet/traffic proof, fault notes, and a short root-cause summary.
A42: LAB-041 | B42: 4. MPLS Transport | C42: MPLS, LDP & RSVP | D42: Expert | E42: RSVP primary/secondary paths | F42: Test standby and active secondary behavior with revertive/nonrevertive operation. | G42: Minimum 4–8 routers as needed; add CE/host/traffic-generator nodes for service validation. | H42: 4 | I42: Expert | J42: Core | K42: LAB-040 | L42: ☐ Not Started | M42: 0 | P42: Save configs, key show commands, packet/traffic proof, fault notes, and a short root-cause summary.
A43: LAB-042 | B43: 4. MPLS Transport | C43: MPLS, LDP & RSVP | D43: Expert | E43: RSVP fast reroute | F43: Compare one-to-one detours and facility bypass behavior under link and node failure. | G43: Minimum 4–8 routers as needed; add CE/host/traffic-generator nodes for service validation. | H43: 4 | I43: Expert | J43: Core | K43: LAB-041 | L43: ☐ Not Started | M43: 0 | P43: Save configs, key show commands, packet/traffic proof, fault notes, and a short root-cause summary.
A44: LAB-043 | B44: 4. MPLS Transport | C44: MPLS, LDP & RSVP | D44: Expert | E44: RSVP bandwidth and priorities | F44: Model reservable bandwidth, setup/hold priority and preemption. | G44: Minimum 4–8 routers as needed; add CE/host/traffic-generator nodes for service validation. | H44: 4 | I44: Expert | J44: Core | K44: LAB-042 | L44: ☐ Not Started | M44: 0 | P44: Save configs, key show commands, packet/traffic proof, fault notes, and a short root-cause summary.
A45: LAB-044 | B45: 4. MPLS Transport | C45: MPLS, LDP & RSVP | D45: Expert | E45: MPLS traffic engineering shortcuts | F45: Use forwarding adjacencies or LSP metrics to influence IP forwarding. | G45: Minimum 4–8 routers as needed; add CE/host/traffic-generator nodes for service validation. | H45: 4 | I45: Expert | J45: Core | K45: LAB-043 | L45: ☐ Not Started | M45: 0 | P45: Save configs, key show commands, packet/traffic proof, fault notes, and a short root-cause summary.
A46: LAB-045 | B46: 4. MPLS Transport | C46: MPLS, LDP & RSVP | D46: Expert | E46: LSP load balancing | F46: Control per-prefix/per-packet behavior and inspect hashing implications. | G46: Minimum 4–8 routers as needed; add CE/host/traffic-generator nodes for service validation. | H46: 4 | I46: Expert | J46: Core | K46: LAB-044 | L46: ☐ Not Started | M46: 0 | P46: Save configs, key show commands, packet/traffic proof, fault notes, and a short root-cause summary.
A47: LAB-046 | B47: 4. MPLS Transport | C47: MPLS, LDP & RSVP | D47: Expert | E47: MPLS OAM | F47: Use LSP ping, traceroute and BFD to isolate control-plane versus data-plane faults. | G47: Minimum 4–8 routers as needed; add CE/host/traffic-generator nodes for service validation. | H47: 4 | I47: Expert | J47: Core | K47: LAB-045 | L47: ☐ Not Started | M47: 0 | P47: Save configs, key show commands, packet/traffic proof, fault notes, and a short root-cause summary.
A48: LAB-047 | B48: 4. MPLS Transport | C48: MPLS, LDP & RSVP | D48: Expert | E48: Entropy label and flow awareness | F48: Explain and validate label-stack effects on ECMP where platform support permits. | G48: Minimum 4–8 routers as needed; add CE/host/traffic-generator nodes for service validation. | H48: 4 | I48: Expert | J48: Core | K48: LAB-046 | L48: ☐ Not Started | M48: 0 | P48: Save configs, key show commands, packet/traffic proof, fault notes, and a short root-cause summary.
A49: LAB-048 | B49: 4. MPLS Transport | C49: MPLS, LDP & RSVP | D49: Expert | E49: Transport migration LDP to RSVP | F49: Move services between transport types without breaking VPN resolution. | G49: Minimum 4–8 routers as needed; add CE/host/traffic-generator nodes for service validation. | H49: 4 | I49: Expert | J49: Core | K49: LAB-047 | L49: ☐ Not Started | M49: 0 | P49: Save configs, key show commands, packet/traffic proof, fault notes, and a short root-cause summary.
A50: LAB-049 | B50: 5. Segment Routing | C50: SR-MPLS | D50: Modern SP | E50: SR-MPLS IS-IS baseline | F50: Advertise node SIDs, verify SRGB consistency and trace label forwarding. | G50: Minimum 4–8 routers as needed; add CE/host/traffic-generator nodes for service validation. | H50: 4 | I50: Advanced | J50: Beyond Exam | L50: ☐ Not Started | M50: 0 | P50: Save configs, key show commands, packet/traffic proof, fault notes, and a short root-cause summary.
A51: LAB-050 | B51: 5. Segment Routing | C51: SR-MPLS | D51: Modern SP | E51: SR prefix and adjacency SIDs | F51: Compare global prefix SIDs with local adjacency SIDs during failures. | G51: Minimum 4–8 routers as needed; add CE/host/traffic-generator nodes for service validation. | H51: 4 | I51: Advanced | J51: Beyond Exam | K51: LAB-049 | L51: ☐ Not Started | M51: 0 | P51: Save configs, key show commands, packet/traffic proof, fault notes, and a short root-cause summary.
A52: LAB-051 | B52: 5. Segment Routing | C52: SR-MPLS | D52: Modern SP | E52: SR-MPLS OSPF baseline | F52: Build an OSPF SR domain and validate SID advertisements and forwarding. | G52: Minimum 4–8 routers as needed; add CE/host/traffic-generator nodes for service validation. | H52: 4 | I52: Advanced | J52: Beyond Exam | K52: LAB-050 | L52: ☐ Not Started | M52: 0 | P52: Save configs, key show commands, packet/traffic proof, fault notes, and a short root-cause summary.
A53: LAB-052 | B53: 5. Segment Routing | C53: SR-MPLS | D53: Modern SP | E53: TI-LFA protection | F53: Demonstrate link and node protection and measure convergence. | G53: Minimum 4–8 routers as needed; add CE/host/traffic-generator nodes for service validation. | H53: 4 | I53: Advanced | J53: Beyond Exam | K53: LAB-051 | L53: ☐ Not Started | M53: 0 | P53: Save configs, key show commands, packet/traffic proof, fault notes, and a short root-cause summary.
A54: LAB-053 | B54: 5. Segment Routing | C54: SR-MPLS | D54: Modern SP | E54: SR policy and explicit segment list | F54: Steer selected traffic over a segment list and verify recursion. | G54: Minimum 4–8 routers as needed; add CE/host/traffic-generator nodes for service validation. | H54: 4 | I54: Advanced | J54: Beyond Exam | K54: LAB-052 | L54: ☐ Not Started | M54: 0 | P54: Save configs, key show commands, packet/traffic proof, fault notes, and a short root-cause summary.
A55: LAB-054 | B55: 5. Segment Routing | C55: SR-MPLS | D55: Modern SP | E55: BGP color and transport class | F55: Map color communities to transport intent and validate service resolution. | G55: Minimum 4–8 routers as needed; add CE/host/traffic-generator nodes for service validation. | H55: 4 | I55: Advanced | J55: Beyond Exam | K55: LAB-053 | L55: ☐ Not Started | M55: 0 | P55: Save configs, key show commands, packet/traffic proof, fault notes, and a short root-cause summary.
A56: LAB-055 | B56: 5. Segment Routing | C56: SR-MPLS | D56: Modern SP | E56: SR/LDP interworking | F56: Preserve reachability across mixed SR and LDP domains. | G56: Minimum 4–8 routers as needed; add CE/host/traffic-generator nodes for service validation. | H56: 4 | I56: Advanced | J56: Beyond Exam | K56: LAB-054 | L56: ☐ Not Started | M56: 0 | P56: Save configs, key show commands, packet/traffic proof, fault notes, and a short root-cause summary.
A57: LAB-056 | B57: 5. Segment Routing | C57: SR-MPLS | D57: Modern SP | E57: SR troubleshooting fault pack | F57: Repair duplicate SIDs, SRGB mismatch, missing advertisements and unresolved policies. | G57: Minimum 4–8 routers as needed; add CE/host/traffic-generator nodes for service validation. | H57: 4 | I57: Advanced | J57: Beyond Exam | K57: LAB-055 | L57: ☐ Not Started | M57: 0 | P57: Save configs, key show commands, packet/traffic proof, fault notes, and a short root-cause summary.
A58: LAB-057 | B58: 6. Layer 3 VPN | C58: L3VPN | D58: Expert | E58: Single-homed L3VPN baseline | F58: Build VRF, RD, RT, PE-CE routing and verify VPN label forwarding. | G58: Minimum 4–8 routers as needed; add CE/host/traffic-generator nodes for service validation. | H58: 4 | I58: Expert | J58: Core | L58: ☐ Not Started | M58: 0 | P58: Save configs, key show commands, packet/traffic proof, fault notes, and a short root-cause summary.
A59: LAB-058 | B59: 6. Layer 3 VPN | C59: L3VPN | D59: Expert | E59: L3VPN OSPF PE-CE | F59: Control domain ID, sham links, route type and DN-bit loop prevention. | G59: Minimum 4–8 routers as needed; add CE/host/traffic-generator nodes for service validation. | H59: 4 | I59: Expert | J59: Core | K59: LAB-057 | L59: ☐ Not Started | M59: 0 | P59: Save configs, key show commands, packet/traffic proof, fault notes, and a short root-cause summary.
A60: LAB-059 | B60: 6. Layer 3 VPN | C60: L3VPN | D60: Expert | E60: L3VPN BGP PE-CE | F60: Apply AS override, as-override alternatives, allowas-in concepts and site-of-origin. | G60: Minimum 4–8 routers as needed; add CE/host/traffic-generator nodes for service validation. | H60: 4 | I60: Expert | J60: Core | K60: LAB-058 | L60: ☐ Not Started | M60: 0 | P60: Save configs, key show commands, packet/traffic proof, fault notes, and a short root-cause summary.
A61: LAB-060 | B61: 6. Layer 3 VPN | C61: L3VPN | D61: Expert | E61: L3VPN route leaking | F61: Implement controlled extranet import/export with unique policy and loop protection. | G61: Minimum 4–8 routers as needed; add CE/host/traffic-generator nodes for service validation. | H61: 4 | I61: Expert | J61: Core | K61: LAB-059 | L61: ☐ Not Started | M61: 0 | P61: Save configs, key show commands, packet/traffic proof, fault notes, and a short root-cause summary.
A62: LAB-061 | B62: 6. Layer 3 VPN | C62: L3VPN | D62: Expert | E62: Hub-and-spoke L3VPN | F62: Build directional RT policy and prove spoke-to-spoke forwarding constraints. | G62: Minimum 4–8 routers as needed; add CE/host/traffic-generator nodes for service validation. | H62: 4 | I62: Expert | J62: Core | K62: LAB-060 | L62: ☐ Not Started | M62: 0 | P62: Save configs, key show commands, packet/traffic proof, fault notes, and a short root-cause summary.
A63: LAB-062 | B63: 6. Layer 3 VPN | C63: L3VPN | D63: Expert | E63: L3VPN load balancing and multihoming | F63: Test CE dual-homing, multipath, site-of-origin and failure behavior. | G63: Minimum 4–8 routers as needed; add CE/host/traffic-generator nodes for service validation. | H63: 4 | I63: Expert | J63: Core | K63: LAB-061 | L63: ☐ Not Started | M63: 0 | P63: Save configs, key show commands, packet/traffic proof, fault notes, and a short root-cause summary.
A64: LAB-063 | B64: 6. Layer 3 VPN | C64: L3VPN | D64: Expert | E64: VRF route limit and protection | F64: Enforce limits and analyze operational recovery. | G64: Minimum 4–8 routers as needed; add CE/host/traffic-generator nodes for service validation. | H64: 4 | I64: Expert | J64: Core | K64: LAB-062 | L64: ☐ Not Started | M64: 0 | P64: Save configs, key show commands, packet/traffic proof, fault notes, and a short root-cause summary.
A65: LAB-064 | B65: 6. Layer 3 VPN | C65: L3VPN | D65: Expert | E65: L3VPN troubleshooting fault pack | F65: Repair RT, RD, label, inet.3, policy, PE-CE and next-hop failures. | G65: Minimum 4–8 routers as needed; add CE/host/traffic-generator nodes for service validation. | H65: 4 | I65: Expert | J65: Core | K65: LAB-063 | L65: ☐ Not Started | M65: 0 | P65: Save configs, key show commands, packet/traffic proof, fault notes, and a short root-cause summary.
A66: LAB-065 | B66: 6. Layer 3 VPN | C66: L3VPN | D66: Expert | E66: Carrier supporting carrier | F66: Carry customer-carrier labeled routes across a provider L3VPN. | G66: Minimum 4–8 routers as needed; add CE/host/traffic-generator nodes for service validation. | H66: 4 | I66: Expert | J66: Core | K66: LAB-064 | L66: ☐ Not Started | M66: 0 | P66: Save configs, key show commands, packet/traffic proof, fault notes, and a short root-cause summary.
A67: LAB-066 | B67: 6. Layer 3 VPN | C67: L3VPN | D67: Expert | E67: Inter-AS option A | F67: Build back-to-back VRFs and document scale and operational boundaries. | G67: Minimum 4–8 routers as needed; add CE/host/traffic-generator nodes for service validation. | H67: 4 | I67: Expert | J67: Core | K67: LAB-065 | L67: ☐ Not Started | M67: 0 | P67: Save configs, key show commands, packet/traffic proof, fault notes, and a short root-cause summary.
A68: LAB-067 | B68: 6. Layer 3 VPN | C68: L3VPN | D68: Expert | E68: Inter-AS option B | F68: Exchange VPNv4 routes and labels at ASBRs with correct policy. | G68: Minimum 4–8 routers as needed; add CE/host/traffic-generator nodes for service validation. | H68: 4 | I68: Expert | J68: Core | K68: LAB-066 | L68: ☐ Not Started | M68: 0 | P68: Save configs, key show commands, packet/traffic proof, fault notes, and a short root-cause summary.
A69: LAB-068 | B69: 6. Layer 3 VPN | C69: L3VPN | D69: Expert | E69: Inter-AS option C | F69: Build labeled PE reachability and multihop VPN route exchange end to end. | G69: Minimum 4–8 routers as needed; add CE/host/traffic-generator nodes for service validation. | H69: 4 | I69: Expert | J69: Core | K69: LAB-067 | L69: ☐ Not Started | M69: 0 | P69: Save configs, key show commands, packet/traffic proof, fault notes, and a short root-cause summary.
A70: LAB-069 | B70: 7. Layer 2 Services | C70: L2VPN & VPLS | D70: Expert | E70: LDP pseudowire baseline | F70: Build an l2circuit and verify VC label, status TLV and control word. | G70: Minimum 4–8 routers as needed; add CE/host/traffic-generator nodes for service validation. | H70: 4 | I70: Expert | J70: Core | L70: ☐ Not Started | M70: 0 | P70: Save configs, key show commands, packet/traffic proof, fault notes, and a short root-cause summary.
A71: LAB-070 | B71: 7. Layer 2 Services | C71: L2VPN & VPLS | D71: Expert | E71: Pseudowire FEC 128 versus 129 | F71: Compare signaling behavior and troubleshoot endpoint identification. | G71: Minimum 4–8 routers as needed; add CE/host/traffic-generator nodes for service validation. | H71: 4 | I71: Expert | J71: Core | K71: LAB-069 | L71: ☐ Not Started | M71: 0 | P71: Save configs, key show commands, packet/traffic proof, fault notes, and a short root-cause summary.
A72: LAB-071 | B72: 7. Layer 2 Services | C72: L2VPN & VPLS | D72: Expert | E72: Pseudowire redundancy | F72: Build primary/backup pseudowires and validate switchover. | G72: Minimum 4–8 routers as needed; add CE/host/traffic-generator nodes for service validation. | H72: 4 | I72: Expert | J72: Core | K72: LAB-070 | L72: ☐ Not Started | M72: 0 | P72: Save configs, key show commands, packet/traffic proof, fault notes, and a short root-cause summary.
A73: LAB-072 | B73: 7. Layer 2 Services | C73: L2VPN & VPLS | D73: Expert | E73: BGP-signaled L2VPN | F73: Deploy Kompella L2VPN and interpret NLRI, labels and site identifiers. | G73: Minimum 4–8 routers as needed; add CE/host/traffic-generator nodes for service validation. | H73: 4 | I73: Expert | J73: Core | K73: LAB-071 | L73: ☐ Not Started | M73: 0 | P73: Save configs, key show commands, packet/traffic proof, fault notes, and a short root-cause summary.
A74: LAB-073 | B74: 7. Layer 2 Services | C74: L2VPN & VPLS | D74: Expert | E74: LDP VPLS | F74: Build Martini-signaled VPLS and verify MAC learning and split horizon. | G74: Minimum 4–8 routers as needed; add CE/host/traffic-generator nodes for service validation. | H74: 4 | I74: Expert | J74: Core | K74: LAB-072 | L74: ☐ Not Started | M74: 0 | P74: Save configs, key show commands, packet/traffic proof, fault notes, and a short root-cause summary.
A75: LAB-074 | B75: 7. Layer 2 Services | C75: L2VPN & VPLS | D75: Expert | E75: BGP VPLS | F75: Build BGP auto-discovery/signaling VPLS and analyze label blocks. | G75: Minimum 4–8 routers as needed; add CE/host/traffic-generator nodes for service validation. | H75: 4 | I75: Expert | J75: Core | K75: LAB-073 | L75: ☐ Not Started | M75: 0 | P75: Save configs, key show commands, packet/traffic proof, fault notes, and a short root-cause summary.
A76: LAB-075 | B76: 7. Layer 2 Services | C76: L2VPN & VPLS | D76: Expert | E76: VPLS multihoming | F76: Prevent loops and test designated-forwarder/site preference behavior. | G76: Minimum 4–8 routers as needed; add CE/host/traffic-generator nodes for service validation. | H76: 4 | I76: Expert | J76: Core | K76: LAB-074 | L76: ☐ Not Started | M76: 0 | P76: Save configs, key show commands, packet/traffic proof, fault notes, and a short root-cause summary.
A77: LAB-076 | B77: 7. Layer 2 Services | C77: L2VPN & VPLS | D77: Expert | E77: L2 service interworking | F77: Test VLAN normalization, encapsulation mismatch, MTU and control-word faults. | G77: Minimum 4–8 routers as needed; add CE/host/traffic-generator nodes for service validation. | H77: 4 | I77: Expert | J77: Core | K77: LAB-075 | L77: ☐ Not Started | M77: 0 | P77: Save configs, key show commands, packet/traffic proof, fault notes, and a short root-cause summary.
A78: LAB-077 | B78: 7. Layer 2 Services | C78: L2VPN & VPLS | D78: Expert | E78: L2VPN troubleshooting fault pack | F78: Repair VC ID, encapsulation, label, signaling, MTU and transport defects. | G78: Minimum 4–8 routers as needed; add CE/host/traffic-generator nodes for service validation. | H78: 4 | I78: Expert | J78: Core | K78: LAB-076 | L78: ☐ Not Started | M78: 0 | P78: Save configs, key show commands, packet/traffic proof, fault notes, and a short root-cause summary.
A79: LAB-078 | B79: 8. EVPN | C79: EVPN | D79: Modern SP | E79: EVPN route types inspection | F79: Generate and interpret route types 1 through 5 and their extended communities. | G79: Minimum 4–8 routers as needed; add CE/host/traffic-generator nodes for service validation. | H79: 4 | I79: Advanced | J79: Beyond Exam | L79: ☐ Not Started | M79: 0 | P79: Save configs, key show commands, packet/traffic proof, fault notes, and a short root-cause summary.
A80: LAB-079 | B80: 8. EVPN | C80: EVPN | D80: Modern SP | E80: EVPN-VPWS | F80: Build point-to-point EVPN service and validate per-EVI/per-AC label behavior. | G80: Minimum 4–8 routers as needed; add CE/host/traffic-generator nodes for service validation. | H80: 4 | I80: Advanced | J80: Beyond Exam | K80: LAB-078 | L80: ☐ Not Started | M80: 0 | P80: Save configs, key show commands, packet/traffic proof, fault notes, and a short root-cause summary.
A81: LAB-080 | B81: 8. EVPN | C81: EVPN | D81: Modern SP | E81: EVPN MPLS VLAN-based service | F81: Build VLAN-based EVPN and trace MAC/IP advertisement and forwarding. | G81: Minimum 4–8 routers as needed; add CE/host/traffic-generator nodes for service validation. | H81: 4 | I81: Advanced | J81: Beyond Exam | K81: LAB-079 | L81: ☐ Not Started | M81: 0 | P81: Save configs, key show commands, packet/traffic proof, fault notes, and a short root-cause summary.
A82: LAB-081 | B82: 8. EVPN | C82: EVPN | D82: Modern SP | E82: EVPN MPLS VLAN-aware bundle | F82: Map multiple bridge domains into one EVI and verify label/service isolation. | G82: Minimum 4–8 routers as needed; add CE/host/traffic-generator nodes for service validation. | H82: 4 | I82: Advanced | J82: Beyond Exam | K82: LAB-080 | L82: ☐ Not Started | M82: 0 | P82: Save configs, key show commands, packet/traffic proof, fault notes, and a short root-cause summary.
A83: LAB-082 | B83: 8. EVPN | C83: EVPN | D83: Modern SP | E83: EVPN all-active multihoming | F83: Build ESI-LAG, DF election, aliasing and mass withdrawal. | G83: Minimum 4–8 routers as needed; add CE/host/traffic-generator nodes for service validation. | H83: 4 | I83: Advanced | J83: Beyond Exam | K83: LAB-081 | L83: ☐ Not Started | M83: 0 | P83: Save configs, key show commands, packet/traffic proof, fault notes, and a short root-cause summary.
A84: LAB-083 | B84: 8. EVPN | C84: EVPN | D84: Modern SP | E84: EVPN single-active multihoming | F84: Prove blocked/active attachment behavior and failure recovery. | G84: Minimum 4–8 routers as needed; add CE/host/traffic-generator nodes for service validation. | H84: 4 | I84: Advanced | J84: Beyond Exam | K84: LAB-082 | L84: ☐ Not Started | M84: 0 | P84: Save configs, key show commands, packet/traffic proof, fault notes, and a short root-cause summary.
A85: LAB-084 | B85: 8. EVPN | C85: EVPN | D85: Modern SP | E85: EVPN IRB and type-5 routes | F85: Build symmetric routing and exchange IP prefixes between EVPN tenants. | G85: Minimum 4–8 routers as needed; add CE/host/traffic-generator nodes for service validation. | H85: 4 | I85: Advanced | J85: Beyond Exam | K85: LAB-083 | L85: ☐ Not Started | M85: 0 | P85: Save configs, key show commands, packet/traffic proof, fault notes, and a short root-cause summary.
A86: LAB-085 | B86: 8. EVPN | C86: EVPN | D86: Modern SP | E86: EVPN MAC mobility | F86: Move a host, observe sequence changes and distinguish legitimate moves from loops. | G86: Minimum 4–8 routers as needed; add CE/host/traffic-generator nodes for service validation. | H86: 4 | I86: Advanced | J86: Beyond Exam | K86: LAB-084 | L86: ☐ Not Started | M86: 0 | P86: Save configs, key show commands, packet/traffic proof, fault notes, and a short root-cause summary.
A87: LAB-086 | B87: 8. EVPN | C87: EVPN | D87: Modern SP | E87: EVPN duplicate MAC detection | F87: Trigger, observe and recover from duplicate MAC protection. | G87: Minimum 4–8 routers as needed; add CE/host/traffic-generator nodes for service validation. | H87: 4 | I87: Advanced | J87: Beyond Exam | K87: LAB-085 | L87: ☐ Not Started | M87: 0 | P87: Save configs, key show commands, packet/traffic proof, fault notes, and a short root-cause summary.
A88: LAB-087 | B88: 8. EVPN | C88: EVPN | D88: Modern SP | E88: EVPN troubleshooting fault pack | F88: Repair RT, ESI, DF, VLAN, label, MAC and underlay-resolution failures. | G88: Minimum 4–8 routers as needed; add CE/host/traffic-generator nodes for service validation. | H88: 4 | I88: Advanced | J88: Beyond Exam | K88: LAB-086 | L88: ☐ Not Started | M88: 0 | P88: Save configs, key show commands, packet/traffic proof, fault notes, and a short root-cause summary.
A89: LAB-088 | B89: 9. Multicast | C89: Multicast & MVPN | D89: Expert | E89: PIM sparse mode baseline | F89: Build PIM-SM, IGMP receivers and verify RPT-to-SPT transition. | G89: Minimum 4–8 routers as needed; add CE/host/traffic-generator nodes for service validation. | H89: 4 | I89: Expert | J89: Core | L89: ☐ Not Started | M89: 0 | P89: Save configs, key show commands, packet/traffic proof, fault notes, and a short root-cause summary.
A90: LAB-089 | B90: 9. Multicast | C90: Multicast & MVPN | D90: Expert | E90: Static RP and Anycast-RP | F90: Deploy resilient RP service and validate register/MSDP behavior where applicable. | G90: Minimum 4–8 routers as needed; add CE/host/traffic-generator nodes for service validation. | H90: 4 | I90: Expert | J90: Core | K90: LAB-088 | L90: ☐ Not Started | M90: 0 | P90: Save configs, key show commands, packet/traffic proof, fault notes, and a short root-cause summary.
A91: LAB-090 | B91: 9. Multicast | C91: Multicast & MVPN | D91: Expert | E91: BSR dynamic RP | F91: Build candidate BSR/RP election and troubleshoot scope and hash behavior. | G91: Minimum 4–8 routers as needed; add CE/host/traffic-generator nodes for service validation. | H91: 4 | I91: Expert | J91: Core | K91: LAB-089 | L91: ☐ Not Started | M91: 0 | P91: Save configs, key show commands, packet/traffic proof, fault notes, and a short root-cause summary.
A92: LAB-091 | B92: 9. Multicast | C92: Multicast & MVPN | D92: Expert | E92: SSM | F92: Deploy source-specific multicast and validate IGMPv3 include-mode joins. | G92: Minimum 4–8 routers as needed; add CE/host/traffic-generator nodes for service validation. | H92: 4 | I92: Expert | J92: Core | K92: LAB-090 | L92: ☐ Not Started | M92: 0 | P92: Save configs, key show commands, packet/traffic proof, fault notes, and a short root-cause summary.
A93: LAB-092 | B93: 9. Multicast | C93: Multicast & MVPN | D93: Expert | E93: Multicast policy and boundaries | F93: Control groups, sources and interfaces with explicit policy. | G93: Minimum 4–8 routers as needed; add CE/host/traffic-generator nodes for service validation. | H93: 4 | I93: Expert | J93: Core | K93: LAB-091 | L93: ☐ Not Started | M93: 0 | P93: Save configs, key show commands, packet/traffic proof, fault notes, and a short root-cause summary.
A94: LAB-093 | B94: 9. Multicast | C94: Multicast & MVPN | D94: Expert | E94: Multicast troubleshooting fault pack | F94: Repair RPF, RP, PIM adjacency, IGMP, TTL and policy defects. | G94: Minimum 4–8 routers as needed; add CE/host/traffic-generator nodes for service validation. | H94: 4 | I94: Expert | J94: Core | K94: LAB-092 | L94: ☐ Not Started | M94: 0 | P94: Save configs, key show commands, packet/traffic proof, fault notes, and a short root-cause summary.
A95: LAB-094 | B95: 9. Multicast | C95: Multicast & MVPN | D95: Expert | E95: NG-MVPN baseline | F95: Build an MVPN and identify auto-discovery, C-multicast and PMSI routes. | G95: Minimum 4–8 routers as needed; add CE/host/traffic-generator nodes for service validation. | H95: 4 | I95: Expert | J95: Core | K95: LAB-093 | L95: ☐ Not Started | M95: 0 | P95: Save configs, key show commands, packet/traffic proof, fault notes, and a short root-cause summary.
A96: LAB-095 | B96: 9. Multicast | C96: Multicast & MVPN | D96: Expert | E96: MVPN selective trees | F96: Trigger S-PMSI behavior and assess bandwidth versus state tradeoffs. | G96: Minimum 4–8 routers as needed; add CE/host/traffic-generator nodes for service validation. | H96: 4 | I96: Expert | J96: Core | K96: LAB-094 | L96: ☐ Not Started | M96: 0 | P96: Save configs, key show commands, packet/traffic proof, fault notes, and a short root-cause summary.
A97: LAB-096 | B97: 9. Multicast | C97: Multicast & MVPN | D97: Expert | E97: MVPN inter-AS concept lab | F97: Validate multicast VPN signaling across an AS boundary where image support permits. | G97: Minimum 4–8 routers as needed; add CE/host/traffic-generator nodes for service validation. | H97: 4 | I97: Expert | J97: Core | K97: LAB-095 | L97: ☐ Not Started | M97: 0 | P97: Save configs, key show commands, packet/traffic proof, fault notes, and a short root-cause summary.
A98: LAB-097 | B98: 10. CoS | C98: Class of Service | D98: Expert | E98: CoS classification baseline | F98: Classify traffic using DSCP/MPLS EXP and verify forwarding-class counters. | G98: Minimum 4–8 routers as needed; add CE/host/traffic-generator nodes for service validation. | H98: 4 | I98: Expert | J98: Core | L98: ☐ Not Started | M98: 0 | P98: Save configs, key show commands, packet/traffic proof, fault notes, and a short root-cause summary.
A99: LAB-098 | B99: 10. CoS | C99: Class of Service | D99: Expert | E99: Multifield classification | F99: Match header fields and apply policers safely. | G99: Minimum 4–8 routers as needed; add CE/host/traffic-generator nodes for service validation. | H99: 4 | I99: Expert | J99: Core | K99: LAB-097 | L99: ☐ Not Started | M99: 0 | P99: Save configs, key show commands, packet/traffic proof, fault notes, and a short root-cause summary.
A100: LAB-099 | B100: 10. CoS | C100: Class of Service | D100: Expert | E100: Rewrite rules | F100: Preserve or translate DSCP and EXP across IP/MPLS boundaries. | G100: Minimum 4–8 routers as needed; add CE/host/traffic-generator nodes for service validation. | H100: 4 | I100: Expert | J100: Core | K100: LAB-098 | L100: ☐ Not Started | M100: 0 | P100: Save configs, key show commands, packet/traffic proof, fault notes, and a short root-cause summary.
...

Sheet Roadmap
A1: Technology-Based Progression
A3: Phase | B3: Primary Goal | C3: Exit Gate | D3: Labs | E3: Est. Hours | F3: Suggested Weeks | G3: Why It Matters
A4: 1. Junos Core Skills | B4: Junos & Platform | C4: Rebuild representative Junos & Platform services from blank config and repair at least 3 seeded faults. | D4: 10 | E4: 20 | F4: 3 | G4: Develop expert implementation and troubleshooting depth.
A5: 2. IGP Engineering | B5: OSPF & IS-IS | C5: Rebuild representative OSPF & IS-IS services from blank config and repair at least 3 seeded faults. | D5: 12 | E5: 36 | F5: 5 | G5: Develop expert implementation and troubleshooting depth.
A6: 3. BGP at Scale | B6: BGP | C6: Rebuild representative BGP services from blank config and repair at least 3 seeded faults. | D6: 12 | E6: 36 | F6: 5 | G6: Develop expert implementation and troubleshooting depth.
A7: 4. MPLS Transport | B7: MPLS, LDP & RSVP | C7: Rebuild representative MPLS, LDP & RSVP services from blank config and repair at least 3 seeded faults. | D7: 14 | E7: 56 | F7: 7 | G7: Develop expert implementation and troubleshooting depth.
A8: 5. Segment Routing | B8: SR-MPLS | C8: Rebuild representative SR-MPLS services from blank config and repair at least 3 seeded faults. | D8: 8 | E8: 32 | F8: 4 | G8: Build modern relevance beyond the classic blueprint.
A9: 6. Layer 3 VPN | B9: L3VPN | C9: Rebuild representative L3VPN services from blank config and repair at least 3 seeded faults. | D9: 12 | E9: 48 | F9: 6 | G9: Develop expert implementation and troubleshooting depth.
A10: 7. Layer 2 Services | B10: L2VPN & VPLS | C10: Rebuild representative L2VPN & VPLS services from blank config and repair at least 3 seeded faults. | D10: 9 | E10: 36 | F10: 5 | G10: Develop expert implementation and troubleshooting depth.
A11: 8. EVPN | B11: EVPN | C11: Rebuild representative EVPN services from blank config and repair at least 3 seeded faults. | D11: 10 | E11: 40 | F11: 5 | G11: Build modern relevance beyond the classic blueprint.
A12: 9. Multicast | B12: Multicast & MVPN | C12: Rebuild representative Multicast & MVPN services from blank config and repair at least 3 seeded faults. | D12: 9 | E12: 36 | F12: 5 | G12: Develop expert implementation and troubleshooting depth.
A13: 10. CoS | B13: Class of Service | C13: Rebuild representative Class of Service services from blank config and repair at least 3 seeded faults. | D13: 7 | E13: 28 | F13: 4 | G13: Develop expert implementation and troubleshooting depth.
A14: 11. Operations & Automation | B14: Operations | C14: Rebuild representative Operations services from blank config and repair at least 3 seeded faults. | D14: 10 | E14: 40 | F14: 5 | G14: Turn configuration skill into safe operations.
A15: 12. Expert Integration | B15: Integrated Troubleshooting | C15: Complete two 8-hour mocks ≥80% and pass blind troubleshooting review. | D15: 10 | E15: 80 | F15: 10 | G15: Develop expert implementation and troubleshooting depth.

Sheet Capstones
A1: Capstone & Timed Practice Scorecard
A3: Attempt | B3: Scenario | C3: Date | D3: Build % | E3: Troubleshoot % | F3: Verification % | G3: Time Mgmt % | H3: Overall %
A4: 1 | B4: IGP + MPLS core | D4: 0 | E4: 0 | F4: 0 | G4: 0 | H4: =AVERAGE(D4:G4) -> 0
A5: 2 | B5: BGP + L3VPN | D5: 0 | E5: 0 | F5: 0 | G5: 0 | H5: =AVERAGE(D5:G5) -> 0
A6: 3 | B6: L2VPN + EVPN | D6: 0 | E6: 0 | F6: 0 | G6: 0 | H6: =AVERAGE(D6:G6) -> 0
A7: 4 | B7: Multicast + CoS | D7: 0 | E7: 0 | F7: 0 | G7: 0 | H7: =AVERAGE(D7:G7) -> 0
A8: 5 | B8: 8-hour Mock Exam 1 | D8: 0 | E8: 0 | F8: 0 | G8: 0 | H8: =AVERAGE(D8:G8) -> 0
A9: 6 | B9: 8-hour Mock Exam 2 | D9: 0 | E9: 0 | F9: 0 | G9: 0 | H9: =AVERAGE(D9:G9) -> 0
A10: 7 | B10: Blind Troubleshooting 1 | D10: 0 | E10: 0 | F10: 0 | G10: 0 | H10: =AVERAGE(D10:G10) -> 0
A11: 8 | B11: Blind Troubleshooting 2 | D11: 0 | E11: 0 | F11: 0 | G11: 0 | H11: =AVERAGE(D11:G11) -> 0
A14: Pass gate: ≥80% overall, no critical reachability/isolation defect, and every change backed by pre-check, verification, and rollback.

Sheet Practice Log
A1: Date | B1: Lab ID | C1: Minutes | D1: Mode | E1: Result | F1: Fault / Gap Found | G1: Root Cause | H1: Next Action | I1: Evidence Link | J1: Revisit Date
D2: Build
D3: Build
D4: Build
D5: Build
D6: Build
D7: Build
D8: Build
D9: Build
D10: Build
D11: Build
D12: Build
D13: Build
... D201: Build

Sheet Guide
A1: How to Use This Workbook
A3: Step | B3: Action | C3: Standard
A4: 1 | B4: Select | C4: Start with Lab Checklist filtered to Priority = Core and Status = Not Started.
A5: 2 | B5: Build | C5: Configure from a blank or minimal baseline. Do not paste a full solution.
A6: 3 | B6: Explain | C6: For each protocol, explain adjacency/session formation, route/label learning, best-path choice and forwarding.
A7: 4 | B7: Prove | C7: Validate both control plane and data plane. A route in a table is not enough.
A8: 5 | B8: Break | C8: Seed at least one fault after the clean build. Record hypothesis before changing configuration.
A9: 6 | B9: Recover | C9: Apply the smallest safe change, verify service restoration and document rollback.
A10: 7 | B10: Record | C10: Attach configs, command output, packet/traffic result and root-cause note in Evidence Link / Folder.
A11: 8 | B11: Complete | C11: Mark ☑ only when confidence is ≥4 and you can repeat the lab without a recipe.
A12: 9 | B12: Revisit | C12: Use ↻ when knowledge decays or a mock exam exposes a gap.
A13: 10 | B13: Integrate | C13: After each major phase, perform a mixed fault lab before moving on.
A15: Definition of Mastery
A17: Dimension | B17: Completion Gate
A18: Control plane | B18: Can predict and verify protocol state, advertisements, policy effects and failure behavior.
A19: Data plane | B19: Can trace packet/label forwarding end to end and reconcile it with control-plane state.
A20: Troubleshooting | B20: Uses hypothesis → evidence → minimal change → verification; does not “shotgun” configuration.
A21: Operations | B21: Captures prechecks, blast radius, rollback, postchecks and evidence.
A22: Repeatability | B22: Can rebuild from blank config and automate or template repetitive elements.
A23: Communication | B23: Can explain the design and root cause clearly to another senior engineer.
A25: Official references: https://www.juniper.net/us/en/training/certification/tracks/service-provider-routing-switching/jncie-sp.html | https://learningportal.juniper.net/juniper/user_activity_info.aspx?id=EDU-JUN-JOL-JNCIE-SP | https://www.juniper.net/documentation/us/en/software/junos/mpls/mpls.pdf

Sheet Lists
A1: Status | B1: Confidence | C1: Difficulty | D1: Priority
A2: ☐ Not Started | B2: 0 | C2: Intermediate | D2: Core
A3: ◐ In Progress | B3: 1 | C3: Advanced | D3: Beyond Exam
A4: ☑ Completed | B4: 2 | C4: Expert
A5: ↻ Revisit | B5: 3
B6: 4
B7: 5
