Workbook

Sheet Dashboard
A1: PALO ALTO EXPERT ROADMAP DASHBOARD
A2: Editable inputs live in Lab Tracker. A score of 7 means the technology can be solved under an unseen fault with evidence.
A4: TOTAL LABS | D4: COMPLETED | G4: OVERALL PROGRESS | I4: MASTERED ≥7
A5: =COUNTA('Lab Tracker'!$B$4:$B$88) -> 85 | D5: =COUNTIF('Lab Tracker'!$O$4:$O$88,"Completed") -> 0 | G5: =AVERAGE('Lab Tracker'!$R$4:$R$88) -> 0.0058823529 | I5: =COUNTIF('Lab Tracker'!$AB$4:$AB$88,">=7") -> 0
A8: Phase | B8: Total Labs | C8: Completed | D8: Mastered ≥7 | E8: Avg Progress | F8: Planned Hours
A9: Phase 0 - Platform & Operations Foundation | B9: ='Roadmap'!E4 -> 5 | C9: ='Roadmap'!F4 -> 0 | D9: =COUNTIFS('Lab Tracker'!$C$4:$C$88,A9,'Lab Tracker'!$AB$4:$AB$88,">=7") -> 0 | E9: ='Roadmap'!G4 -> 0.1 | F9: ='Roadmap'!D4 -> 18
A10: Phase 1 - Networking & Segmentation | B10: =Roadmap!E5 -> 8 | C10: =Roadmap!F5 -> 0 | D10: =COUNTIFS('Lab Tracker'!$C$4:$C$88,A10,'Lab Tracker'!$AB$4:$AB$88,">=7") -> 0 | E10: =Roadmap!G5 -> 0 | F10: =Roadmap!D5 -> 36
A11: Phase 2 - Policy, App-ID & Content | B11: =Roadmap!E6 -> 8 | C11: =Roadmap!F6 -> 0 | D11: =COUNTIFS('Lab Tracker'!$C$4:$C$88,A11,'Lab Tracker'!$AB$4:$AB$88,">=7") -> 0 | E11: =Roadmap!G6 -> 0 | F11: =Roadmap!D6 -> 40
A12: Phase 3 - NAT Engineering | B12: =Roadmap!E7 -> 5 | C12: =Roadmap!F7 -> 0 | D12: =COUNTIFS('Lab Tracker'!$C$4:$C$88,A12,'Lab Tracker'!$AB$4:$AB$88,">=7") -> 0 | E12: =Roadmap!G7 -> 0 | F12: =Roadmap!D7 -> 20
A13: Phase 4 - Identity & Access | B13: =Roadmap!E8 -> 5 | C13: =Roadmap!F8 -> 0 | D13: =COUNTIFS('Lab Tracker'!$C$4:$C$88,A13,'Lab Tracker'!$AB$4:$AB$88,">=7") -> 0 | E13: =Roadmap!G8 -> 0 | F13: =Roadmap!D8 -> 24
A14: Phase 5 - Decryption & Threat Prevention | B14: =Roadmap!E9 -> 6 | C14: =Roadmap!F9 -> 0 | D14: =COUNTIFS('Lab Tracker'!$C$4:$C$88,A14,'Lab Tracker'!$AB$4:$AB$88,">=7") -> 0 | E14: =Roadmap!G9 -> 0 | F14: =Roadmap!D9 -> 32
A15: Phase 6 - VPN & GlobalProtect | B15: ='Roadmap'!E10 -> 6 | C15: ='Roadmap'!F10 -> 0 | D15: =COUNTIFS('Lab Tracker'!$C$4:$C$88,A15,'Lab Tracker'!$AB$4:$AB$88,">=7") -> 0 | E15: ='Roadmap'!G10 -> 0 | F15: ='Roadmap'!D10 -> 34
A16: Phase 7 - High Availability & Lifecycle | B16: =Roadmap!E11 -> 6 | C16: =Roadmap!F11 -> 0 | D16: =COUNTIFS('Lab Tracker'!$C$4:$C$88,A16,'Lab Tracker'!$AB$4:$AB$88,">=7") -> 0 | E16: =Roadmap!G11 -> 0 | F16: =Roadmap!D11 -> 30
A17: Phase 8 - Panorama & Fleet Management | B17: =Roadmap!E12 -> 7 | C17: =Roadmap!F12 -> 0 | D17: =COUNTIFS('Lab Tracker'!$C$4:$C$88,A17,'Lab Tracker'!$AB$4:$AB$88,">=7") -> 0 | E17: =Roadmap!G12 -> 0 | F17: =Roadmap!D12 -> 38
A18: Phase 9 - Troubleshooting & Incident Response | B18: =Roadmap!E13 -> 8 | C18: =Roadmap!F13 -> 0 | D18: =COUNTIFS('Lab Tracker'!$C$4:$C$88,A18,'Lab Tracker'!$AB$4:$AB$88,">=7") -> 0 | E18: =Roadmap!G13 -> 0 | F18: =Roadmap!D13 -> 44
A19: Phase 10 - Automation & Integration | B19: =Roadmap!E14 -> 7 | C19: =Roadmap!F14 -> 0 | D19: =COUNTIFS('Lab Tracker'!$C$4:$C$88,A19,'Lab Tracker'!$AB$4:$AB$88,">=7") -> 0 | E19: =Roadmap!G14 -> 0 | F19: =Roadmap!D14 -> 36
A20: Phase 11 - Advanced Platforms & Architecture | B20: =Roadmap!E15 -> 8 | C20: =Roadmap!F15 -> 0 | D20: =COUNTIFS('Lab Tracker'!$C$4:$C$88,A20,'Lab Tracker'!$AB$4:$AB$88,">=7") -> 0 | E20: =Roadmap!G15 -> 0 | F20: =Roadmap!D15 -> 48
A21: Phase 12 - Expert Super Labs | B21: =Roadmap!E16 -> 6 | C21: =Roadmap!F16 -> 0 | D21: =COUNTIFS('Lab Tracker'!$C$4:$C$88,A21,'Lab Tracker'!$AB$4:$AB$88,">=7") -> 0 | E21: =Roadmap!G16 -> 0 | F21: =Roadmap!D16 -> 54
A24: Recommended cadence: 6-8 hours/week. Do not mark a lab Completed until acceptance checks and evidence are recorded. Do not mark a technology Mastered until an unseen-fault attempt scores at least 7. Future Dependency means planned, not excluded.

Sheet Roadmap
A1: PALO ALTO EXPERT ROADMAP
A2: Recommended sequence. Weeks are flexible; mastery gates matter more than calendar pace.
A3: Phase | B3: Outcome | C3: Suggested Weeks | D3: Planned Hours | E3: Total Labs | F3: Completed | G3: Avg Progress | H3: Avg Mastery | I3: Certification Alignment | J3: Primary Environment | K3: Exit Criterion
A4: Phase 0 - Platform & Operations Foundation | B4: Establish a secure, repeatable PAN-OS operating baseline without reteaching generic networking. | C4: 5-7 | D4: 18 | E4: =COUNTIF('Lab Tracker'!$C$4:$C$88,A4) -> 5 | F4: =COUNTIFS('Lab Tracker'!$C$4:$C$88,A4,'Lab Tracker'!$O$4:$O$88,"Completed") -> 0 | G4: =IFERROR(AVERAGEIF('Lab Tracker'!$C$4:$C$88,A4,'Lab Tracker'!$R$4:$R$88),0) -> 0.1 | H4: =IFERROR(AVERAGEIF('Lab Tracker'!$C$4:$C$88,A4,'Lab Tracker'!$AB$4:$AB$88),0) -> 0 | I4: NGFW Engineer | J4: Standalone PA-VM + service containers | K4: Secure management, config lifecycle, updates, certificates and operational hygiene are repeatable from a clean baseline.
A5: Phase 1 - Networking & Segmentation | B5: Master PAN-OS packet forwarding, interface modes, routing, resiliency and segmentation behavior. | C5: 8-10 | D5: 36 | E5: =COUNTIF('Lab Tracker'!$C$4:$C$88,A5) -> 8 | F5: =COUNTIFS('Lab Tracker'!$C$4:$C$88,A5,'Lab Tracker'!$O$4:$O$88,"Completed") -> 0 | G5: =IFERROR(AVERAGEIF('Lab Tracker'!$C$4:$C$88,A5,'Lab Tracker'!$R$4:$R$88),0) -> 0 | H5: =IFERROR(AVERAGEIF('Lab Tracker'!$C$4:$C$88,A5,'Lab Tracker'!$AB$4:$AB$88),0) -> 0 | I5: NGFW Engineer / NSP | J5: PA-VM + VyOS/cSRX/Cisco/Juniper peers | K5: Can predict route, zone, session and forwarding behavior before testing; can isolate control-plane vs data-plane faults.
A6: Phase 2 - Policy, App-ID & Content | B6: Build application-aware least-privilege policy and layered content inspection. | C6: 8-10 | D6: 40 | E6: =COUNTIF('Lab Tracker'!$C$4:$C$88,A6) -> 8 | F6: =COUNTIFS('Lab Tracker'!$C$4:$C$88,A6,'Lab Tracker'!$O$4:$O$88,"Completed") -> 0 | G6: =IFERROR(AVERAGEIF('Lab Tracker'!$C$4:$C$88,A6,'Lab Tracker'!$R$4:$R$88),0) -> 0 | H6: =IFERROR(AVERAGEIF('Lab Tracker'!$C$4:$C$88,A6,'Lab Tracker'!$AB$4:$AB$88),0) -> 0 | I6: NGFW Engineer / NSP | J6: PA-VM + clients + web/DNS/file servers | K6: Can migrate port rules to App-ID safely, attach profiles correctly and prove enforcement from logs and packet evidence.
A7: Phase 3 - NAT Engineering | B7: Master NAT rule evaluation, policy interaction and hard troubleshooting cases. | C7: 4-6 | D7: 20 | E7: =COUNTIF('Lab Tracker'!$C$4:$C$88,A7) -> 5 | F7: =COUNTIFS('Lab Tracker'!$C$4:$C$88,A7,'Lab Tracker'!$O$4:$O$88,"Completed") -> 0 | G7: =IFERROR(AVERAGEIF('Lab Tracker'!$C$4:$C$88,A7,'Lab Tracker'!$R$4:$R$88),0) -> 0 | H7: =IFERROR(AVERAGEIF('Lab Tracker'!$C$4:$C$88,A7,'Lab Tracker'!$AB$4:$AB$88),0) -> 0 | I7: NGFW Engineer | J7: PA-VM + inside/outside/DMZ endpoints | K7: Can derive original/pre-NAT and translated/post-NAT tuples, predict rule match, and resolve asymmetric or hairpin failures.
A8: Phase 4 - Identity & Access | B8: Use identity, groups and authentication as reliable policy inputs. | C8: 5-7 | D8: 24 | E8: =COUNTIF('Lab Tracker'!$C$4:$C$88,A8) -> 5 | F8: =COUNTIFS('Lab Tracker'!$C$4:$C$88,A8,'Lab Tracker'!$O$4:$O$88,"Completed") -> 0 | G8: =IFERROR(AVERAGEIF('Lab Tracker'!$C$4:$C$88,A8,'Lab Tracker'!$R$4:$R$88),0) -> 0 | H8: =IFERROR(AVERAGEIF('Lab Tracker'!$C$4:$C$88,A8,'Lab Tracker'!$AB$4:$AB$88),0) -> 0 | I8: NGFW Engineer / NSP | J8: PA-VM + FreeRADIUS/TACACS+ + future AD/LDAP | K8: Can validate mapping sources, timeouts, redistribution and group policy without confusing authentication with identification.
A9: Phase 5 - Decryption & Threat Prevention | B9: Design and troubleshoot certificate trust, TLS decryption and prevention controls. | C9: 6-8 | D9: 32 | E9: =COUNTIF('Lab Tracker'!$C$4:$C$88,A9) -> 6 | F9: =COUNTIFS('Lab Tracker'!$C$4:$C$88,A9,'Lab Tracker'!$O$4:$O$88,"Completed") -> 0 | G9: =IFERROR(AVERAGEIF('Lab Tracker'!$C$4:$C$88,A9,'Lab Tracker'!$R$4:$R$88),0) -> 0 | H9: =IFERROR(AVERAGEIF('Lab Tracker'!$C$4:$C$88,A9,'Lab Tracker'!$AB$4:$AB$88),0) -> 0 | I9: NGFW Engineer / NSP | J9: PA-VM + TLS endpoints + local CA | K9: Can explain decryption flow, certificate chain behavior, exceptions, privacy constraints and inspection coverage.
A10: Phase 6 - VPN & GlobalProtect | B10: Deliver resilient site-to-site and remote-access VPN services with identity-aware control. | C10: 6-8 | D10: 34 | E10: =COUNTIF('Lab Tracker'!$C$4:$C$88,A10) -> 6 | F10: =COUNTIFS('Lab Tracker'!$C$4:$C$88,A10,'Lab Tracker'!$O$4:$O$88,"Completed") -> 0 | G10: =IFERROR(AVERAGEIF('Lab Tracker'!$C$4:$C$88,A10,'Lab Tracker'!$R$4:$R$88),0) -> 0 | H10: =IFERROR(AVERAGEIF('Lab Tracker'!$C$4:$C$88,A10,'Lab Tracker'!$AB$4:$AB$88),0) -> 0 | I10: NGFW Engineer / NSP | J10: Two PA-VMs or PA-VM + peer; future GP clients/IdP | K10: Can troubleshoot phase 1/2, routing, NAT-T, portal/gateway, authentication and endpoint policy as separate fault domains.
A11: Phase 7 - High Availability & Lifecycle | B11: Operate firewall pairs safely through failures, maintenance and upgrades. | C11: 6-8 | D11: 30 | E11: =COUNTIF('Lab Tracker'!$C$4:$C$88,A11) -> 6 | F11: =COUNTIFS('Lab Tracker'!$C$4:$C$88,A11,'Lab Tracker'!$O$4:$O$88,"Completed") -> 0 | G11: =IFERROR(AVERAGEIF('Lab Tracker'!$C$4:$C$88,A11,'Lab Tracker'!$R$4:$R$88),0) -> 0 | H11: =IFERROR(AVERAGEIF('Lab Tracker'!$C$4:$C$88,A11,'Lab Tracker'!$AB$4:$AB$88),0) -> 0 | I11: NGFW Engineer / NSP | J11: Two licensed PA-VMs + redundant network peers | K11: Can predict synchronization and session behavior, execute failover/upgrade runbooks and prove no unintended regression.
A12: Phase 8 - Panorama & Fleet Management | B12: Manage policy, configuration and logs consistently across a firewall fleet. | C12: 7-9 | D12: 38 | E12: =COUNTIF('Lab Tracker'!$C$4:$C$88,A12) -> 7 | F12: =COUNTIFS('Lab Tracker'!$C$4:$C$88,A12,'Lab Tracker'!$O$4:$O$88,"Completed") -> 0 | G12: =IFERROR(AVERAGEIF('Lab Tracker'!$C$4:$C$88,A12,'Lab Tracker'!$R$4:$R$88),0) -> 0 | H12: =IFERROR(AVERAGEIF('Lab Tracker'!$C$4:$C$88,A12,'Lab Tracker'!$AB$4:$AB$88),0) -> 0 | I12: NGFW Engineer / NSP | J12: Future Panorama VM + two or more PA-VMs | K12: Can design Device Group/Template hierarchy, perform safe commits, resolve overrides/out-of-sync, and plan scalable logging.
A13: Phase 9 - Troubleshooting & Incident Response | B13: Develop evidence-first diagnosis across management plane, control plane, data plane and security engines. | C13: 8-10 | D13: 44 | E13: =COUNTIF('Lab Tracker'!$C$4:$C$88,A13) -> 8 | F13: =COUNTIFS('Lab Tracker'!$C$4:$C$88,A13,'Lab Tracker'!$O$4:$O$88,"Completed") -> 0 | G13: =IFERROR(AVERAGEIF('Lab Tracker'!$C$4:$C$88,A13,'Lab Tracker'!$R$4:$R$88),0) -> 0 | H13: =IFERROR(AVERAGEIF('Lab Tracker'!$C$4:$C$88,A13,'Lab Tracker'!$AB$4:$AB$88),0) -> 0 | I13: NGFW Engineer / NSP | J13: Mixed lab with packet capture and telemetry tools | K13: Can solve unseen multi-domain faults inside a timebox and produce a concise RCA with prevention and observability actions.
A14: Phase 10 - Automation & Integration | B14: Treat firewall configuration as testable, versioned infrastructure. | C14: 7-9 | D14: 36 | E14: =COUNTIF('Lab Tracker'!$C$4:$C$88,A14) -> 7 | F14: =COUNTIFS('Lab Tracker'!$C$4:$C$88,A14,'Lab Tracker'!$O$4:$O$88,"Completed") -> 0 | G14: =IFERROR(AVERAGEIF('Lab Tracker'!$C$4:$C$88,A14,'Lab Tracker'!$R$4:$R$88),0) -> 0 | H14: =IFERROR(AVERAGEIF('Lab Tracker'!$C$4:$C$88,A14,'Lab Tracker'!$AB$4:$AB$88),0) -> 0 | I14: NGFW Engineer / Architect | J14: PA-VM + Debian/Python + NetBox/NSO + Git | K14: Can automate idempotently, validate candidate changes, detect drift and roll back safely.
A15: Phase 11 - Advanced Platforms & Architecture | B15: Translate PAN-OS mastery into cloud, Kubernetes, SD-WAN, ACI and Zero Trust designs. | C15: 8-12 | D15: 48 | E15: =COUNTIF('Lab Tracker'!$C$4:$C$88,A15) -> 8 | F15: =COUNTIFS('Lab Tracker'!$C$4:$C$88,A15,'Lab Tracker'!$O$4:$O$88,"Completed") -> 0 | G15: =IFERROR(AVERAGEIF('Lab Tracker'!$C$4:$C$88,A15,'Lab Tracker'!$R$4:$R$88),0) -> 0 | H15: =IFERROR(AVERAGEIF('Lab Tracker'!$C$4:$C$88,A15,'Lab Tracker'!$AB$4:$AB$88),0) -> 0 | I15: NSP / Network Security Architect | J15: VM-Series, CN-Series, minikube, ACI design, future cloud services | K15: Can defend platform choice, scale, failure domain, licensing, logging and operational trade-offs.
A16: Phase 12 - Expert Super Labs | B16: Integrate technologies under ambiguous requirements and injected failures. | C16: 10-14 | D16: 54 | E16: =COUNTIF('Lab Tracker'!$C$4:$C$88,A16) -> 6 | F16: =COUNTIFS('Lab Tracker'!$C$4:$C$88,A16,'Lab Tracker'!$O$4:$O$88,"Completed") -> 0 | G16: =IFERROR(AVERAGEIF('Lab Tracker'!$C$4:$C$88,A16,'Lab Tracker'!$R$4:$R$88),0) -> 0 | H16: =IFERROR(AVERAGEIF('Lab Tracker'!$C$4:$C$88,A16,'Lab Tracker'!$AB$4:$AB$88),0) -> 0 | I16: All role-based milestones | J16: Reusable multi-firewall enterprise topology | K16: Score at least 7 on every super lab and 8+ on architecture/automation; complete evidence-backed RCAs.

Sheet Lab Tracker
A1: PALO ALTO EXPERT LAB TRACKER
A2: Built for a senior network engineer: completion tracks repetitions; mastery requires unseen-fault diagnosis, evidence and design reasoning.
A3: No. | B3: Lab ID | C3: Phase | D3: Lab Title | E3: Objective | F3: Key Technologies | G3: Recommended Topology | H3: Primary Image / Platform | I3: Supporting Images | J3: Dependency | K3: Feasibility | L3: Difficulty | M3: Est. Hours | N3: Prerequisite | O3: Status | P3: Target Reps | Q3: Completed Reps | R3: Progress | S3: Last Practice | T3: Verification | U3: Build / Implement | V3: Verify / Expected State | W3: Break / Failure Injection | X3: Diagnose / Hypothesis | Y3: Restore / Acceptance | Z3: Design / Trade-off | AA3: Evidence / RCA Link | AB3: Mastery Score | AC3: Mastery State | AD3: Certification Map
A4: 1 | B4: FND-101 | C4: Phase 0 - Platform & Operations Foundation | D4: Management Plane Baseline | E4: Build hardened management access, hostname, DNS, NTP, timezone, banners and service routes. | F4: Management interface; service routes; NTP; DNS; SSH; permitted IPs | G4: 1 PA-VM + Debian services | H4: akhmadkun/palo-pa-vm:10.1.0 | I4: debian:bookworm-slim; network-multitool | J4: Licensed PA-VM | K4: FULL | L4: Intermediate | M4: 3 | O4: Not Started | P4: 2 | Q4: 1 | R4: =IFERROR(MIN(Q4/P4,1),0) -> 0.5 | T4: Not Tested | U4: Implement management plane baseline from requirements and a clean baseline. | V4: Before testing, document expected control-plane, session, policy and packet-forwarding state for: Management interface; service routes; NTP; DNS; SSH; permitted IPs. | W4: Inject 2-4 realistic faults involving Management interface; service routes; NTP; DNS; SSH; permitted IPs; at least one must create a misleading symptom. | X4: Before CLI, rank 3-5 hypotheses. Prove or eliminate each with the minimum commands, logs and captures. | Y4: Return the service to the intended state with minimum-impact changes and prove no collateral regression. | Z4: Defend the design choice for Management Plane Baseline: scale, failure domain, security effect, operations, licensing and rollback. | AB4: 0 | AC4: =IF(AB4>=9,"Expert",IF(AB4>=7,"Mastered",IF(AB4>=4,"Developing","Foundation"))) -> Foundation | AD4: NGFW Engineer
A5: 2 | B5: FND-102 | C5: Phase 0 - Platform & Operations Foundation | D5: Candidate Config, Commit and Rollback | E5: Practice candidate/running configuration, commit validation, named snapshots, load/merge and rollback. | F5: Candidate config; commit; validation; config versions; rollback | G5: 1 PA-VM | H5: akhmadkun/palo-pa-vm:10.1.0 | I5: Git or local archive | J5: Licensed PA-VM | K5: FULL | L5: Intermediate | M5: 3 | N5: FND-101 | O5: Not Started | P5: 2 | Q5: 0 | R5: =IFERROR(MIN(Q5/P5,1),0) -> 0 | T5: Not Tested | U5: Implement candidate config, commit and rollback from requirements and a clean baseline. | V5: Before testing, document expected control-plane, session, policy and packet-forwarding state for: Candidate config; commit; validation; config versions; rollback. | W5: Inject 2-4 realistic faults involving Candidate config; commit; validation; config versions; rollback; at least one must create a misleading symptom. | X5: Before CLI, rank 3-5 hypotheses. Prove or eliminate each with the minimum commands, logs and captures. | Y5: Return the service to the intended state with minimum-impact changes and prove no collateral regression. | Z5: Defend the design choice for Candidate Config, Commit and Rollback: scale, failure domain, security effect, operations, licensing and rollback. | AB5: 0 | AC5: =IF(AB5>=9,"Expert",IF(AB5>=7,"Mastered",IF(AB5>=4,"Developing","Foundation"))) -> Foundation | AD5: NGFW Engineer
A6: 3 | B6: FND-103 | C6: Phase 0 - Platform & Operations Foundation | D6: Administrative AAA and RBAC | E6: Integrate RADIUS/TACACS+, local fallback, authentication profiles and least-privilege admin roles. | F6: RADIUS; TACACS+; auth sequence; admin roles; fallback | G6: 1 PA-VM + AAA containers | H6: akhmadkun/palo-pa-vm:10.1.0 | I6: akhmadkun/myradius:latest; akhmadkun/mytacacs:latest | J6: AAA container configuration | K6: FULL | L6: Advanced | M6: 4 | N6: FND-101 | O6: Not Started | P6: 2 | Q6: 0 | R6: =IFERROR(MIN(Q6/P6,1),0) -> 0 | T6: Not Tested | U6: Implement administrative aaa and rbac from requirements and a clean baseline. | V6: Before testing, document expected control-plane, session, policy and packet-forwarding state for: RADIUS; TACACS+; auth sequence; admin roles; fallback. | W6: Inject 2-4 realistic faults involving RADIUS; TACACS+; auth sequence; admin roles; fallback; at least one must create a misleading symptom. | X6: Before CLI, rank 3-5 hypotheses. Prove or eliminate each with the minimum commands, logs and captures. | Y6: Return the service to the intended state with minimum-impact changes and prove no collateral regression. | Z6: Defend the design choice for Administrative AAA and RBAC: scale, failure domain, security effect, operations, licensing and rollback. | AB6: 0 | AC6: =IF(AB6>=9,"Expert",IF(AB6>=7,"Mastered",IF(AB6>=4,"Developing","Foundation"))) -> Foundation | AD6: NGFW Engineer
A7: 4 | B7: FND-104 | C7: Phase 0 - Platform & Operations Foundation | D7: Certificates, Master Key and Backups | E7: Create a certificate hierarchy, secure secrets, export backups and prove restore readiness. | F7: CA; certificates; master key; config export; device-state backup | G7: 1 PA-VM + Linux CA | H7: akhmadkun/palo-pa-vm:10.1.0 | I7: debian:bookworm-slim | J7: Licensed PA-VM | K7: FULL | L7: Advanced | M7: 4 | N7: FND-102 | O7: Not Started | P7: 2 | Q7: 0 | R7: =IFERROR(MIN(Q7/P7,1),0) -> 0 | T7: Not Tested | U7: Implement certificates, master key and backups from requirements and a clean baseline. | V7: Before testing, document expected control-plane, session, policy and packet-forwarding state for: CA; certificates; master key; config export; device-state backup. | W7: Inject 2-4 realistic faults involving CA; certificates; master key; config export; device-state backup; at least one must create a misleading symptom. | X7: Before CLI, rank 3-5 hypotheses. Prove or eliminate each with the minimum commands, logs and captures. | Y7: Return the service to the intended state with minimum-impact changes and prove no collateral regression. | Z7: Defend the design choice for Certificates, Master Key and Backups: scale, failure domain, security effect, operations, licensing and rollback. | AB7: 0 | AC7: =IF(AB7>=9,"Expert",IF(AB7>=7,"Mastered",IF(AB7>=4,"Developing","Foundation"))) -> Foundation | AD7: NGFW Engineer / NSP
A8: 5 | B8: FND-105 | C8: Phase 0 - Platform & Operations Foundation | D8: Software and Content Lifecycle | E8: Plan upgrades, dynamic updates, compatibility checks, backups and rollback evidence. | F8: PAN-OS upgrade path; content updates; licenses; release notes; rollback | G8: 1 PA-VM; optional second version | H8: akhmadkun/palo-pa-vm:10.1.0 | I8: Future newer PA-VM image | J8: Newer PAN-OS image for real upgrade | K8: CONDITIONAL | L8: Advanced | M8: 4 | N8: FND-102; FND-104 | O8: Not Started | P8: 2 | Q8: 0 | R8: =IFERROR(MIN(Q8/P8,1),0) -> 0 | T8: Not Tested | U8: Implement software and content lifecycle from requirements and a clean baseline. | V8: Before testing, document expected control-plane, session, policy and packet-forwarding state for: PAN-OS upgrade path; content updates; licenses; release notes; rollback. | W8: Inject 2-4 realistic faults involving PAN-OS upgrade path; content updates; licenses; release notes; rollback; at least one must create a misleading symptom. | X8: Before CLI, rank 3-5 hypotheses. Prove or eliminate each with the minimum commands, logs and captures. | Y8: Return the service to the intended state with minimum-impact changes and prove no collateral regression. | Z8: Defend the design choice for Software and Content Lifecycle: scale, failure domain, security effect, operations, licensing and rollback. | AB8: 0 | AC8: =IF(AB8>=9,"Expert",IF(AB8>=7,"Mastered",IF(AB8>=4,"Developing","Foundation"))) -> Foundation | AD8: NGFW Engineer
A9: 6 | B9: NET-201 | C9: Phase 1 - Networking & Segmentation | D9: Interface Modes and Zones | E9: Compare Layer 3, Layer 2, virtual wire, TAP, loopback and tunnel interfaces with correct zones. | F9: Interface modes; zones; zone protection; forwarding context | G9: 1 PA-VM + 4 endpoints | H9: akhmadkun/palo-pa-vm:10.1.0 | I9: network-multitool; alpine | J9: Licensed PA-VM | K9: FULL | L9: Advanced | M9: 4 | N9: FND-102 | O9: Not Started | P9: 2 | Q9: 0 | R9: =IFERROR(MIN(Q9/P9,1),0) -> 0 | T9: Not Tested | U9: Implement interface modes and zones from requirements and a clean baseline. | V9: Before testing, document expected control-plane, session, policy and packet-forwarding state for: Interface modes; zones; zone protection; forwarding context. | W9: Inject 2-4 realistic faults involving Interface modes; zones; zone protection; forwarding context; at least one must create a misleading symptom. | X9: Before CLI, rank 3-5 hypotheses. Prove or eliminate each with the minimum commands, logs and captures. | Y9: Return the service to the intended state with minimum-impact changes and prove no collateral regression. | Z9: Defend the design choice for Interface Modes and Zones: scale, failure domain, security effect, operations, licensing and rollback. | AB9: 0 | AC9: =IF(AB9>=9,"Expert",IF(AB9>=7,"Mastered",IF(AB9>=4,"Developing","Foundation"))) -> Foundation | AD9: NGFW Engineer
A10: 7 | B10: NET-202 | C10: Phase 1 - Networking & Segmentation | D10: VLANs, Subinterfaces and Virtual Routers | E10: Build routed subinterfaces, VLAN tags, virtual routers and clean zone boundaries. | F10: 802.1Q; subinterfaces; virtual routers; connected routes; zones | G10: 1 PA-VM + IOL/vJunos switch + endpoints | H10: akhmadkun/palo-pa-vm:10.1.0 | I10: cisco-iol-l2; vJunos-switch | J10: Licensed PA-VM | K10: FULL | L10: Advanced | M10: 4 | N10: NET-201 | O10: Not Started | P10: 2 | Q10: 0 | R10: =IFERROR(MIN(Q10/P10,1),0) -> 0 | T10: Not Tested | U10: Implement vlans, subinterfaces and virtual routers from requirements and a clean baseline. | V10: Before testing, document expected control-plane, session, policy and packet-forwarding state for: 802.1Q; subinterfaces; virtual routers; connected routes; zones. | W10: Inject 2-4 realistic faults involving 802.1Q; subinterfaces; virtual routers; connected routes; zones; at least one must create a misleading symptom. | X10: Before CLI, rank 3-5 hypotheses. Prove or eliminate each with the minimum commands, logs and captures. | Y10: Return the service to the intended state with minimum-impact changes and prove no collateral regression. | Z10: Defend the design choice for VLANs, Subinterfaces and Virtual Routers: scale, failure domain, security effect, operations, licensing and rollback. | AB10: 0 | AC10: =IF(AB10>=9,"Expert",IF(AB10>=7,"Mastered",IF(AB10>=4,"Developing","Foundation"))) -> Foundation | AD10: NGFW Engineer
A11: 8 | B11: NET-203 | C11: Phase 1 - Networking & Segmentation | D11: Static Routing, ECMP and PBF | E11: Compare route lookup with Policy Based Forwarding, symmetric return and path monitoring. | F11: Static routes; ECMP; PBF; path monitoring; symmetric return | G11: 1 PA-VM + 2 ISP routers + clients | H11: akhmadkun/palo-pa-vm:10.1.0 | I11: VyOS; cSRX; XRd | J11: Licensed PA-VM | K11: FULL | L11: Advanced | M11: 5 | N11: NET-202 | O11: Not Started | P11: 2 | Q11: 0 | R11: =IFERROR(MIN(Q11/P11,1),0) -> 0 | T11: Not Tested | U11: Implement static routing, ecmp and pbf from requirements and a clean baseline. | V11: Before testing, document expected control-plane, session, policy and packet-forwarding state for: Static routes; ECMP; PBF; path monitoring; symmetric return. | W11: Inject 2-4 realistic faults involving Static routes; ECMP; PBF; path monitoring; symmetric return; at least one must create a misleading symptom. | X11: Before CLI, rank 3-5 hypotheses. Prove or eliminate each with the minimum commands, logs and captures. | Y11: Return the service to the intended state with minimum-impact changes and prove no collateral regression. | Z11: Defend the design choice for Static Routing, ECMP and PBF: scale, failure domain, security effect, operations, licensing and rollback. | AB11: 0 | AC11: =IF(AB11>=9,"Expert",IF(AB11>=7,"Mastered",IF(AB11>=4,"Developing","Foundation"))) -> Foundation | AD11: NGFW Engineer / NSP
A12: 9 | B12: NET-204 | C12: Phase 1 - Networking & Segmentation | D12: OSPF and BFD Edge Routing | E12: Form adjacencies, control advertisements, secure neighbors and troubleshoot route installation. | F12: OSPF; authentication; redistribution; BFD; route filtering | G12: 1 PA-VM + 3 routing peers | H12: akhmadkun/palo-pa-vm:10.1.0 | I12: VyOS; cSRX; vJunos-router | J12: Licensed PA-VM | K12: FULL | L12: Advanced | M12: 5 | N12: NET-202 | O12: Not Started | P12: 2 | Q12: 0 | R12: =IFERROR(MIN(Q12/P12,1),0) -> 0 | T12: Not Tested | U12: Implement ospf and bfd edge routing from requirements and a clean baseline. | V12: Before testing, document expected control-plane, session, policy and packet-forwarding state for: OSPF; authentication; redistribution; BFD; route filtering. | W12: Inject 2-4 realistic faults involving OSPF; authentication; redistribution; BFD; route filtering; at least one must create a misleading symptom. | X12: Before CLI, rank 3-5 hypotheses. Prove or eliminate each with the minimum commands, logs and captures. | Y12: Return the service to the intended state with minimum-impact changes and prove no collateral regression. | Z12: Defend the design choice for OSPF and BFD Edge Routing: scale, failure domain, security effect, operations, licensing and rollback. | AB12: 0 | AC12: =IF(AB12>=9,"Expert",IF(AB12>=7,"Mastered",IF(AB12>=4,"Developing","Foundation"))) -> Foundation | AD12: NGFW Engineer / NSP
A13: 10 | B13: NET-205 | C13: Phase 1 - Networking & Segmentation | D13: BGP and Routing Policy | E13: Build dual-provider BGP, filters, attributes, redistribution and failure convergence. | F13: eBGP; import/export; local preference; MED; AS path; redistribution | G13: 1 PA-VM + 3 BGP peers | H13: akhmadkun/palo-pa-vm:10.1.0 | I13: cRPD; XRd; VyOS | J13: Licensed PA-VM | K13: FULL | L13: Expert | M13: 6 | N13: NET-203 | O13: Not Started | P13: 2 | Q13: 0 | R13: =IFERROR(MIN(Q13/P13,1),0) -> 0 | T13: Not Tested | U13: Implement bgp and routing policy from requirements and a clean baseline. | V13: Before testing, document expected control-plane, session, policy and packet-forwarding state for: eBGP; import/export; local preference; MED; AS path; redistribution. | W13: Inject 2-4 realistic faults involving eBGP; import/export; local preference; MED; AS path; redistribution; at least one must create a misleading symptom. | X13: Before CLI, rank 3-5 hypotheses. Prove or eliminate each with the minimum commands, logs and captures. | Y13: Return the service to the intended state with minimum-impact changes and prove no collateral regression. | Z13: Defend the design choice for BGP and Routing Policy: scale, failure domain, security effect, operations, licensing and rollback. | AB13: 0 | AC13: =IF(AB13>=9,"Expert",IF(AB13>=7,"Mastered",IF(AB13>=4,"Developing","Foundation"))) -> Foundation | AD13: NGFW Engineer / NSP
A14: 11 | B14: NET-206 | C14: Phase 1 - Networking & Segmentation | D14: Multicast and Advanced Forwarding | E14: Validate multicast forwarding and version-supported routing edge cases. | F14: PIM; IGMP; multicast policy; route lookup; session behavior | G14: 1 PA-VM + multicast source/receiver + router | H14: akhmadkun/palo-pa-vm:10.1.0 | I14: vJunos-router; network-multitool | J14: Feature/license validation | K14: CONDITIONAL | L14: Expert | M14: 5 | N14: NET-204 | O14: Not Started | P14: 2 | Q14: 0 | R14: =IFERROR(MIN(Q14/P14,1),0) -> 0 | T14: Not Tested | U14: Implement multicast and advanced forwarding from requirements and a clean baseline. | V14: Before testing, document expected control-plane, session, policy and packet-forwarding state for: PIM; IGMP; multicast policy; route lookup; session behavior. | W14: Inject 2-4 realistic faults involving PIM; IGMP; multicast policy; route lookup; session behavior; at least one must create a misleading symptom. | X14: Before CLI, rank 3-5 hypotheses. Prove or eliminate each with the minimum commands, logs and captures. | Y14: Return the service to the intended state with minimum-impact changes and prove no collateral regression. | Z14: Defend the design choice for Multicast and Advanced Forwarding: scale, failure domain, security effect, operations, licensing and rollback. | AB14: 0 | AC14: =IF(AB14>=9,"Expert",IF(AB14>=7,"Mastered",IF(AB14>=4,"Developing","Foundation"))) -> Foundation | AD14: NSP
A15: 12 | B15: NET-207 | C15: Phase 1 - Networking & Segmentation | D15: DoS and Zone Protection | E15: Build reconnaissance and flood defenses and correlate counters with packet behavior. | F15: Zone Protection; DoS policy; SYN cookies; reconnaissance; rate thresholds | G15: 1 PA-VM + traffic generators | H15: akhmadkun/palo-pa-vm:10.1.0 | I15: network-multitool; packetflix; Wireshark VNC | J15: Traffic generation constraints | K15: PARTIAL | L15: Expert | M15: 5 | N15: NET-201 | O15: Not Started | P15: 2 | Q15: 0 | R15: =IFERROR(MIN(Q15/P15,1),0) -> 0 | T15: Not Tested | U15: Implement dos and zone protection from requirements and a clean baseline. | V15: Before testing, document expected control-plane, session, policy and packet-forwarding state for: Zone Protection; DoS policy; SYN cookies; reconnaissance; rate thresholds. | W15: Inject 2-4 realistic faults involving Zone Protection; DoS policy; SYN cookies; reconnaissance; rate thresholds; at least one must create a misleading symptom. | X15: Before CLI, rank 3-5 hypotheses. Prove or eliminate each with the minimum commands, logs and captures. | Y15: Return the service to the intended state with minimum-impact changes and prove no collateral regression. | Z15: Defend the design choice for DoS and Zone Protection: scale, failure domain, security effect, operations, licensing and rollback. | AB15: 0 | AC15: =IF(AB15>=9,"Expert",IF(AB15>=7,"Mastered",IF(AB15>=4,"Developing","Foundation"))) -> Foundation | AD15: NGFW Engineer / NSP
A16: 13 | B16: NET-208 | C16: Phase 1 - Networking & Segmentation | D16: Multi-VSYS and Segmentation Design | E16: Create multi-tenant segmentation and compare shared-gateway/inter-VSYS design trade-offs. | F16: Virtual systems; inter-VSYS; shared gateway; admin boundaries | G16: 1 PA-VM | H16: akhmadkun/palo-pa-vm:10.1.0 | I16: Optional second PA-VM | J16: Multi-VSYS license/support | K16: CONDITIONAL | L16: Expert | M16: 6 | N16: NET-202; POL-301 | O16: Not Started | P16: 2 | Q16: 0 | R16: =IFERROR(MIN(Q16/P16,1),0) -> 0 | T16: Not Tested | U16: Implement multi-vsys and segmentation design from requirements and a clean baseline. | V16: Before testing, document expected control-plane, session, policy and packet-forwarding state for: Virtual systems; inter-VSYS; shared gateway; admin boundaries. | W16: Inject 2-4 realistic faults involving Virtual systems; inter-VSYS; shared gateway; admin boundaries; at least one must create a misleading symptom. | X16: Before CLI, rank 3-5 hypotheses. Prove or eliminate each with the minimum commands, logs and captures. | Y16: Return the service to the intended state with minimum-impact changes and prove no collateral regression. | Z16: Defend the design choice for Multi-VSYS and Segmentation Design: scale, failure domain, security effect, operations, licensing and rollback. | AB16: 0 | AC16: =IF(AB16>=9,"Expert",IF(AB16>=7,"Mastered",IF(AB16>=4,"Developing","Foundation"))) -> Foundation | AD16: NSP / Architect
... A88: 85 | B88: SL-1306 | C88: Phase 12 - Expert Super Labs | D88: ACI East-West Security Architecture | E88: Produce and defend a two-EPG east-west inspection design with HA Palo Alto and failure testing. | F88: ACI PBR; service graph; symmetric flow; HA; operations; migration | G88: ACI environment/design + PA-VM HA | H88: akhmadkun/palo-pa-vm:10.1.0 | I88: NX-OS; traffic endpoints | J88: ACI access for full validation | K88: CONDITIONAL | L88: Expert | M88: 10 | N88: ADV-1206; HA-806 | O88: Not Started | P88: 2 | Q88: 0 | R88: =IFERROR(MIN(Q88/P88,1),0) -> 0 | T88: Not Tested | U88: Implement aci east-west security architecture from requirements and a clean baseline. | V88: Before testing, document expected control-plane, session, policy and packet-forwarding state for: ACI PBR; service graph; symmetric flow; HA; operations; migration. | W88: Inject 2-4 realistic faults involving ACI PBR; service graph; symmetric flow; HA; operations; migration; at least one must create a misleading symptom. | X88: Before CLI, rank 3-5 hypotheses. Prove or eliminate each with the minimum commands, logs and captures. | Y88: Return the service to the intended state with minimum-impact changes and prove no collateral regression. | Z88: Defend the design choice for ACI East-West Security Architecture: scale, failure domain, security effect, operations, licensing and rollback. | AB88: 0 | AC88: =IF(AB88>=9,"Expert",IF(AB88>=7,"Mastered",IF(AB88>=4,"Developing","Foundation"))) -> Foundation | AD88: Network Security Architect

Sheet Image Matrix
A1: LAB IMAGE & DEPENDENCY MATRIX
A2: Available images are accelerators. Missing platforms remain planned future dependencies and never remove a learning objective.
A3: Image / Platform | B3: Availability | C3: Preferred Role | D3: Best Use | E3: Strength | F3: Limitation | G3: Priority | H3: Roadmap Coverage | I3: Recommendation
A4: akhmadkun/palo-pa-vm:10.1.0 | B4: AVAILABLE | C4: Primary PAN-OS firewall | D4: Core PAN-OS configuration, policy, NAT, VPN, troubleshooting | E4: Full license reported by user | F4: Older PAN-OS; validate current UI/features separately | G4: PRIMARY | H4: Most core labs | I4: Keep as immediate baseline
A5: arthurk99/paloalto-pa-vm:10.1.0 | B5: AVAILABLE | C5: Alternate PA-VM wrapper | D5: Second instance / HA / VPN peer | E5: Same PAN-OS family | F5: Resource use and duplicate image | G5: PRIMARY | H5: HA and multi-firewall labs | I5: Use when topology wrapper differs
A6: gcr.io/pan-cn-series/panos_cn_ngfw:10.2.18 | B6: AVAILABLE | C6: CN-Series dataplane | D6: Kubernetes security and service insertion | E6: Pairs with minikube image | F6: Requires manifests, license and host resources | G6: SPECIALIST | H6: ADV-1202 | I6: Validate support matrix first
A7: gcr.io/k8s-minikube/kicbase:v0.0.48 | B7: AVAILABLE | C7: Kubernetes lab base | D7: CN-Series practice workloads/control plane | E7: Already installed | F7: May require more CPU/RAM | G7: SUPPORT | H7: ADV-1202 | I7: Useful future lab
A8: debian:bookworm-slim / alpine:latest | B8: AVAILABLE | C8: General services and automation | D8: DNS, NTP, syslog, CA, API, Python, test apps | E8: Lightweight and flexible | F8: Services need startup configuration | G8: ESSENTIAL | H8: All phases | I8: Standard utility baseline
A9: ghcr.io/srl-labs/network-multitool:latest | B9: AVAILABLE | C9: Traffic endpoint | D9: ping, curl, DNS, iperf, packet capture | E9: Excellent acceptance-test node | F9: Not a full user desktop | G9: ESSENTIAL | H9: Most labs | I9: Use for deterministic checks
A10: ghcr.io/kaelemc/wireshark-vnc-docker:latest | B10: AVAILABLE | C10: Packet analysis workstation | D10: PCAP inspection and protocol evidence | E10: Visual packet analysis | F10: Desktop overhead | G10: SUPPORT | H10: Troubleshooting/decryption/VPN | I10: Use for evidence capture
A11: ghcr.io/siemens/packetflix:latest / ghostwire:latest | B11: AVAILABLE | C11: Traffic observability | D11: Flow generation/visualization | E11: Container-native | F11: Not hardware performance testing | G11: SUPPORT | H11: DoS, HA, troubleshooting | I11: Use for behavior, not benchmarks
A12: akhmadkun/myradius:latest / freeradius | B12: AVAILABLE | C12: RADIUS service | D12: Admin AAA, GlobalProtect, captive portal | E12: Immediately usable | F12: Requires test users/secrets | G12: ESSENTIAL | H12: FND/ID/VPN | I12: Primary AAA option
A13: akhmadkun/mytacacs:latest / lfkeitel/tacacs_plus | B13: AVAILABLE | C13: TACACS+ service | D13: Admin authentication and authorization | E13: Immediately usable | F13: Vendor attribute tuning may be needed | G13: SUPPORT | H13: FND-103 | I13: Cross-check role mapping
A14: nginx:alpine / ubuntu-nginx | B14: AVAILABLE | C14: Web/TLS application | D14: DNAT, App-ID, URL, decryption, file tests | E14: Simple and reproducible | F14: Not a broad SaaS mix | G14: ESSENTIAL | H14: POL/NAT/DEC | I14: Add controlled TLS certs
... A24: AWS/Azure sandbox | B24: NOT YET AVAILABLE | C24: Public cloud lab | D24: VM-Series/Cloud NGFW insertion and automation | E24: Architecture and automation depth | F24: Cloud cost and entitlement | G24: FUTURE DEPENDENCY | H24: ADV-1203 | I24: Use time-boxed sandbox later

Sheet Mastery Framework
A1: PALO ALTO MASTERY FRAMEWORK
A2: The same build-to-diagnose discipline used in the JNCIE-SP roadmap, adapted for firewall policy, sessions and threat prevention.
A3: Stage | B3: Purpose | C3: Pass Criterion | D3: Evidence | E3: No-Google Rule | F3: Typical Failure Focus | G3: Score Gate | H3: Ready-to-Move-On Test
A4: BUILD | B4: Implement from requirements | C4: Service works from clean baseline | D4: Config + topology + baseline state | E4: Docs allowed after first attempt | F4: Misconfiguration prevention | G4: 2-3 | H4: Can build without copying a finished config
A5: VERIFY | B5: Build a correct packet-flow model | C5: Expected route/zone/policy/NAT/session result written before test | D5: CLI/GUI outputs + logs + PCAP | E5: No solution guide | F5: Control/data/security-engine correlation | G5: 4 | H5: Prediction matches evidence
A6: BREAK | B6: Expose hidden dependencies | C6: 2-4 faults reproduce expected symptoms | D6: Fault log + symptom matrix | E6: No hints | F6: Rules, routes, NAT, identity, TLS, HA, updates | G6: 5 | H6: Understands common failure signatures
A7: DIAGNOSE | B7: Develop evidence-driven reasoning | C7: Root cause proven, not guessed | D7: Ranked hypotheses + command/log trail | E7: 30 minutes no Google/ChatGPT | F7: Unknown or misleading symptom | G7: 6-7 | H7: Unseen fault solved systematically
A8: RESTORE | B8: Operate safely | C8: Minimum-impact fix and no regression | D8: Before/after acceptance evidence | E8: Docs allowed | F8: Blast radius, rollback, dependent services | G8: 7 | H8: Technology mastered
A9: DESIGN | B9: Move from operator to architect | C9: Defend choice and trade-offs | D9: Short design record | E9: Open book | F9: Scale, failure domain, security, licensing, operations | G9: 8 | H9: Can justify architecture
A10: AUTOMATE / INTEGRATE | B10: Make behavior repeatable | C10: Idempotent change with tests and rollback | D10: Code + pipeline output + audit trail | E10: Open book | F10: Drift, API errors, partial commits, secrets | G10: 8-9 | H10: Can operate at fleet scale
A11: TEACH / RCA | B11: Prove durable expertise | C11: Explain why and prevent recurrence | D11: One-page RCA or teach-back | E11: No notes for first explanation | F11: Prevention and observability | G11: 9-10 | H11: Expert judgment and intuition
A14: Score | B14: Capability | C14: Meaning | D14: Ready?
A15: 1 | B15: Recognize | C15: Can identify PAN-OS terms only | D15: No
A16: 2 | B16: Explain | C16: Can explain behavior without notes | D16: No
A17: 3 | B17: Implement | C17: Can configure from a clean baseline | D17: No
A18: 4 | B18: Verify | C18: Can predict and verify packet-flow state | D18: No
A19: 5 | B19: Break | C19: Understands common fault signatures | D19: No
A20: 6 | B20: Diagnose | C20: Can solve known fault patterns systematically | D20: Almost
A21: 7 | B21: Unknown Fault | C21: Can solve unseen faults with evidence | D21: YES — mastered
A22: 8 | B22: Design + Automate | C22: Can defend design and automate safely | D22: Strong
A23: 9 | B23: RCA / Teach | C23: Can teach and prevent recurrence | D23: Expert
A24: 10 | B24: Operational Intuition | C24: Consistently predicts interactions and edge cases | D24: Expert+

Sheet Mystery Tickets
A1: MYSTERY TICKETS — UNKNOWN-FAULT PRACTICE
A2: Do the first attempt without knowing the fault domain. Use symptom → ranked hypotheses → evidence → root cause → minimal fix → regression check.
A3: Ticket | B3: Prerequisite | C3: Customer / NOC Symptom | D3: Hidden Fault Domains | E3: Timebox (min) | F3: Required Method | G3: Acceptance Criteria | H3: Cross-Vendor Repeat | I3: Status | J3: RCA / Lessons
A4: MT-01 | B4: NET-204/205 | C4: Internet reachability fails for only one subnet after routing maintenance. | D4: Route redistribution; virtual router; PBF; zone; return path | E4: 75 | F4: Predict route/zone result before CLI; trace forward and reverse path. | G4: All intended prefixes restored; no route leak or policy bypass. | H4: Optional cSRX/FortiOS repeat | I4: Not Started
A5: MT-02 | B5: POL-302/305 | C5: Traffic is allowed but the intended application/profile protection is not applied. | D5: App-ID transition; application-default; dependency; profile attachment; decryption | E5: 75 | F5: Trace session App-ID and policy match over time; correlate logs. | G5: Correct App-ID and profile enforcement proven without broad port allow. | H5: No | I5: Not Started
A6: MT-03 | B6: NAT-403/405 | C6: Public service works externally but fails internally, while policy tests look inconsistent. | D6: U-turn NAT; zone calculation; route; proxy ARP; original/translated tuple | E6: 75 | F6: Write both tuples and expected rule match before testing. | G6: Inside and outside access work; unintended exposure absent. | H6: Optional FortiOS comparison | I6: Not Started
A7: MT-04 | B7: ID-501/502 | C7: Group policy intermittently matches the wrong users on shared or stale IP mappings. | D7: Mapping source precedence; timeout; redistribution; group mapping | E7: 90 | F7: Build mapping timeline and prove source of each entry. | G7: Correct user/group policy with stale mappings removed and prevention documented. | H7: No | I7: Not Started
A8: MT-05 | B8: DEC-602/605 | C8: Only selected TLS applications fail after decryption rollout. | D8: Certificate trust; pinning; TLS version/cipher; mutual TLS; exclusion order | E8: 90 | F8: Separate handshake, policy and content-inspection evidence. | G8: Business flows restored with minimum justified exceptions. | H8: No | I8: Not Started
A9: MT-06 | B9: VPN-702/703 | C9: IKE is up but traffic fails or chooses an unexpected tunnel after ISP failure. | D9: Proxy IDs; routes; tunnel zones; NAT-T; BGP; monitoring; MTU | E9: 90 | F9: Trace crypto, route, policy, NAT and session state in order. | G9: Failover works and original path restoration does not flap. | H9: YES — cSRX/FortiOS | I9: Not Started
A10: MT-07 | B10: HA-802/803 | C10: HA pair fails over, yet selected sessions reset or traffic blackholes. | D10: HA2 sync; asymmetric routing; path monitoring; session owner; NAT state | E10: 105 | F10: Predict session survival by traffic type before failure. | G10: Expected sessions survive; non-survivors and design limits documented. | H10: No | I10: Not Started
A11: MT-08 | B11: PAN-903/905 | C11: Firewall is connected to Panorama but receives an unexpected value or stays out of sync. | D11: Template stack priority; variable; override; push scope; commit order | E11: 90 | F11: Trace value ownership and commit path without random pushes. | G11: Correct value deployed; local exceptions and audit trail preserved. | H11: No | I11: Not Started
A12: MT-09 | B12: OPS-1002/1006 | C12: Users report intermittent drops while CPU and interface status appear normal. | D12: Global counters; packet descriptors; zone protection; resource queues; asymmetric flow | E12: 105 | F12: Capture at all stages and correlate counter delta to one test flow. | G12: Root cause proven with reproducible test and monitoring improvement. | H12: No | I12: Not Started
A13: MT-10 | B13: AUT-1103/1107 | C13: Automation reports success but only part of the intended policy is active. | D13: Candidate config; commit job; API errors; idempotency; dependency order; drift | E13: 90 | F13: Trace request, candidate, commit job and running config. | G13: Pipeline fails safely, detects partial state and restores consistency. | H13: No | I13: Not Started
A14: MT-11 | B14: ADV-1206 | C14: ACI east-west flow passes one direction and fails after firewall/leaf failure. | D14: PBR symmetry; service graph; health tracking; HA ownership; endpoint movement | E14: 120 | F14: Draw both directions and failure-state next hops before CLI/APIC checks. | G14: Symmetric inspection restored with no bypass and documented blast radius. | H14: ACI-specific | I14: Not Started
A15: MT-12 | B15: All core phases | C15: Multiple symptoms appear after a change window across routing, identity, VPN and content. | D15: Four to six interacting fault domains | E15: 180 | F15: No hints; build timeline, blast radius and ranked hypothesis tree. | G15: Critical services restored; complete RCA, rollback and prevention plan. | H15: Optional cross-vendor peers | I15: Not Started

Sheet Guide & Sources
A1: GUIDE, DEFINITIONS & OFFICIAL SOURCES
A2: Roadmap version: 2026-08-25. PAN-OS 10.1 is the immediate lab baseline; current behavior must be cross-checked against supported releases.
A3: Status | B3: Meaning | D3: Feasibility | E3: Meaning
A4: Not Started | B4: No implementation attempt yet | D4: FULL | E4: Core objective can be reproduced with the available environment
A5: In Progress | B5: Initial implementation or troubleshooting is underway | D5: CONDITIONAL | E5: Expected to work but needs feature/license/resource validation
A6: Completed | B6: Acceptance criteria passed and evidence recorded | D6: PARTIAL | E6: Behavior/design is reproducible; hardware, scale or subscription behavior is not fully representative
A7: Review Needed | B7: Previously completed but repetition/deeper review is due | D7: FUTURE DEPENDENCY | E7: Intentionally retained; execute after adding the image, license, tenant or platform
A8: Blocked | B8: A specific unresolved issue prevents the next attempt
A11: Operating rules
A12: Completion is not mastery | B12: A lab may be Completed while Mastery Score is below 7.
A13: Prediction first | B13: Write expected route, zone, policy, NAT, session, App-ID and inspection result before execution.
A14: 30-minute no-assistance phase | B14: For troubleshooting, use device evidence first; documentation/ChatGPT only after the initial diagnostic attempt.
A15: Minimum mastery gate | B15: Score 7: solve an unseen fault systematically and prove the root cause with evidence.
A16: Evidence habit | B16: Record topology/config, acceptance output, PCAP/log excerpts, symptom, root cause, fix and prevention.
A17: Version awareness | B17: PAN-OS 10.1 is useful for core mechanics but must not be treated as the current product baseline.
A18: Future dependencies are planned | B18: Panorama, newer PA-VM, Windows/AD and cloud tenants remain in the roadmap even when unavailable today.
A21: Official sources used to anchor the roadmap
A22: Palo Alto Networks Certification | B22: Current role-based certification portfolio | C22: https://www.paloaltonetworks.com/services/education/certification
A23: NGFW Engineer | B23: Hands-on PAN-OS networking, device settings, integration, automation, objects, policy and operations | C23: https://www.paloaltonetworks.com/services/education/palo-alto-networks-ngfw-engineer
A24: Network Security Professional | B24: Deployment, operation and administration across the network security portfolio | C24: https://www.paloaltonetworks.com/services/education/palo-alto-networks-netsec-professional
A25: Network Security Architect | B25: Requirements-driven secure, scalable and highly available architecture | C25: https://www.paloaltonetworks.com/services/education/palo-alto-networks-netsec-architect
A26: PAN-OS Administration | B26: Firewall administration and management interfaces | C26: https://docs.paloaltonetworks.com/ngfw/administration
A27: App-ID Overview | B27: Application classification and policy behavior | C27: https://docs.paloaltonetworks.com/ngfw/administration/app-id/app-id-overview
A28: Best Practices | B28: App-ID, User-ID, decryption, Threat Prevention and WildFire guidance | C28: https://docs.paloaltonetworks.com/best-practices
A29: Panorama Overview | B29: Centralized management, monitoring and administration | C29: https://docs.paloaltonetworks.com/panorama/getting-started/panorama-overview
A30: Panorama Documentation | B30: Templates, Device Groups, commits, logging and operations | C30: https://docs.paloaltonetworks.com/panorama
A31: User-ID | B31: Identity-based visibility and policy | C31: https://docs.paloaltonetworks.com/ngfw/administration/user-id/enable-user-id
A32: GlobalProtect | B32: Remote access portal/gateway and endpoint policy | C32: https://docs.paloaltonetworks.com/globalprotect
A33: PAN-OS APIs | B33: Automation entry point | C33: https://docs.paloaltonetworks.com/pan-os/11-1/pan-os-panorama-api
