Workbook

Sheet Guide
A1: CCIE-SP Cisco SP Engineer Lab Roadmap
A2: Technology-first roadmap for a CCIE R&S holder: exam readiness + production engineering mastery | B2: Technology-first roadmap for a CCIE R&S holder: exam readiness + production engineering mastery | C2: Technology-first roadmap for a CCIE R&S holder: exam readiness + production engineering mastery | D2: Technology-first roadmap for a CCIE R&S holder: exam readiness + production engineering mastery | E2: Technology-first roadmap for a CCIE R&S holder: exam readiness + production engineering mastery | F2: Technology-first roadmap for a CCIE R&S holder: exam readiness + production engineering mastery | G2: Technology-first roadmap for a CCIE R&S holder: exam readiness + production engineering mastery | H2: Technology-first roadmap for a CCIE R&S holder: exam readiness + production engineering mastery
A4: How to use this workbook
A5: 1 | B5: Work phase-by-phase, but revisit earlier technologies inside integrated labs.
A6: 2 | B6: Start each lab from a blank or minimal baseline; do not paste a finished solution.
A7: 3 | B7: Prove both control plane and forwarding/data plane with saved evidence.
A8: 4 | B8: Inject at least one fault for every lab marked Priority = Core or Critical.
A9: 5 | B9: Troubleshoot using hypothesis → evidence → minimal change → verification.
A10: 6 | B10: Record precheck, postcheck, rollback, and a concise root-cause note.
A11: 7 | B11: Mark Mastered only when Confidence is 4 or 5 and the Required Evidence exists.
A13: Status | B13: Meaning | C13: Confidence | D13: Mastery gate
A14: Not Started | B14: No meaningful attempt yet | C14: 0–1 | D14: Not mastered
A15: In Progress | B15: Configuration or validation is incomplete | C15: 2–3 | D15: Not mastered
A16: Blocked | B16: Lab cannot proceed; record the blocker | C16: Any | D16: Not mastered
A17: Review | B17: Works, but explanation/evidence is incomplete | C17: 3 | D17: Not mastered
A18: Mastered | B18: Repeatable without solution guide | C18: 4–5 | D18: Required evidence present
A19: Revisit | B19: Previously mastered but skill has decayed | C19: 2–3 | D19: Repeat until ≥4
A21: Mastery evidence standard
A22: Configuration | B22: Final running config or intended diff
A23: Control plane | B23: Relevant protocol/database/RIB outputs
A24: Data plane | B24: CEF/MPLS forwarding plus ping/traffic/packet proof
A25: Failure | B25: Fault injected, symptoms captured, and root cause stated
A26: Change safety | B26: Precheck, postcheck, rollback command/plan
A27: Explanation | B27: Why the behavior occurred—not only which command fixed it
A28: Timing | B28: For capstones: elapsed time and unresolved gaps

Sheet Dashboard
A1: Progress Dashboard
A2: Live formulas update when Status, Confidence, and evidence fields change | B2: Live formulas update when Status, Confidence, and evidence fields change | C2: Live formulas update when Status, Confidence, and evidence fields change | D2: Live formulas update when Status, Confidence, and evidence fields change | E2: Live formulas update when Status, Confidence, and evidence fields change | F2: Live formulas update when Status, Confidence, and evidence fields change | G2: Live formulas update when Status, Confidence, and evidence fields change | H2: Live formulas update when Status, Confidence, and evidence fields change
A4: Metric | B4: Value | D4: Phase | E4: Labs | F4: Mastered | G4: Hours | H4: Completion
A5: Total Labs | B5: =COUNTA('Lab Checklist'!$A$5:$A$165) -> 161 | D5: 1. IOS XR & SP Foundations | E5: 7 | F5: =COUNTIFS('Lab Checklist'!$B$5:$B$165,1,'Lab Checklist'!$K$5:$K$165,"Mastered") -> 0 | G5: =SUMIF('Lab Checklist'!$B$5:$B$165,1,'Lab Checklist'!$G$5:$G$165) -> 18 | H5: =IF(E5=0,0,F5/E5) -> 0
A6: Mastered | B6: =COUNTIF('Lab Checklist'!$K$5:$K$165,"Mastered") -> 0 | D6: 2. Dual-Stack IGP Engineering | E6: 12 | F6: =COUNTIFS('Lab Checklist'!$B$5:$B$165,2,'Lab Checklist'!$K$5:$K$165,"Mastered") -> 0 | G6: =SUMIF('Lab Checklist'!$B$5:$B$165,2,'Lab Checklist'!$G$5:$G$165) -> 33 | H6: =IF(E6=0,0,F6/E6) -> 0
A7: In Progress | B7: =COUNTIF('Lab Checklist'!$K$5:$K$165,"In Progress") -> 0 | D7: 3. BGP at Service-Provider Scale | E7: 14 | F7: =COUNTIFS('Lab Checklist'!$B$5:$B$165,3,'Lab Checklist'!$K$5:$K$165,"Mastered") -> 0 | G7: =SUMIF('Lab Checklist'!$B$5:$B$165,3,'Lab Checklist'!$G$5:$G$165) -> 62 | H7: =IF(E7=0,0,F7/E7) -> 0
A8: Total Estimated Hours | B8: =SUM('Lab Checklist'!$G$5:$G$165) -> 699 | D8: 4. MPLS Transport: LDP & RSVP-TE | E8: 10 | F8: =COUNTIFS('Lab Checklist'!$B$5:$B$165,4,'Lab Checklist'!$K$5:$K$165,"Mastered") -> 0 | G8: =SUMIF('Lab Checklist'!$B$5:$B$165,4,'Lab Checklist'!$G$5:$G$165) -> 44 | H8: =IF(E8=0,0,F8/E8) -> 0
A9: Completion | B9: =IF(B5=0,0,B6/B5) -> 0 | D9: 5. Segment Routing MPLS & SR-TE | E9: 13 | F9: =COUNTIFS('Lab Checklist'!$B$5:$B$165,5,'Lab Checklist'!$K$5:$K$165,"Mastered") -> 0 | G9: =SUMIF('Lab Checklist'!$B$5:$B$165,5,'Lab Checklist'!$G$5:$G$165) -> 58 | H9: =IF(E9=0,0,F9/E9) -> 0
D10: 6. L3VPN & Inter-AS | E10: 15 | F10: =COUNTIFS('Lab Checklist'!$B$5:$B$165,6,'Lab Checklist'!$K$5:$K$165,"Mastered") -> 0 | G10: =SUMIF('Lab Checklist'!$B$5:$B$165,6,'Lab Checklist'!$G$5:$G$165) -> 66 | H10: =IF(E10=0,0,F10/E10) -> 0
D11: 7. L2VPN, EVPN & Multihoming | E11: 16 | F11: =COUNTIFS('Lab Checklist'!$B$5:$B$165,7,'Lab Checklist'!$K$5:$K$165,"Mastered") -> 0 | G11: =SUMIF('Lab Checklist'!$B$5:$B$165,7,'Lab Checklist'!$G$5:$G$165) -> 72 | H11: =IF(E11=0,0,F11/E11) -> 0
A12: Mastery quality gate | B12: Value | D12: 8. Multicast & mVPN | E12: 11 | F12: =COUNTIFS('Lab Checklist'!$B$5:$B$165,8,'Lab Checklist'!$K$5:$K$165,"Mastered") -> 0 | G12: =SUMIF('Lab Checklist'!$B$5:$B$165,8,'Lab Checklist'!$G$5:$G$165) -> 48 | H12: =IF(E12=0,0,F12/E12) -> 0
A13: Confidence ≥4 | B13: Enter 4 or 5 | D13: 9. Access, Metro & Subscriber Edge | E13: 7 | F13: =COUNTIFS('Lab Checklist'!$B$5:$B$165,9,'Lab Checklist'!$K$5:$K$165,"Mastered") -> 0 | G13: =SUMIF('Lab Checklist'!$B$5:$B$165,9,'Lab Checklist'!$G$5:$G$165) -> 30 | H13: =IF(E13=0,0,F13/E13) -> 0
A14: Status | B14: Mastered | D14: 10. QoS & Traffic Engineering | E14: 8 | F14: =COUNTIFS('Lab Checklist'!$B$5:$B$165,10,'Lab Checklist'!$K$5:$K$165,"Mastered") -> 0 | G14: =SUMIF('Lab Checklist'!$B$5:$B$165,10,'Lab Checklist'!$G$5:$G$165) -> 36 | H14: =IF(E14=0,0,F14/E14) -> 0
A15: Evidence | B15: Required | D15: 11. High Availability & Fast Convergence | E15: 8 | F15: =COUNTIFS('Lab Checklist'!$B$5:$B$165,11,'Lab Checklist'!$K$5:$K$165,"Mastered") -> 0 | G15: =SUMIF('Lab Checklist'!$B$5:$B$165,11,'Lab Checklist'!$G$5:$G$165) -> 36 | H15: =IF(E15=0,0,F15/E15) -> 0
A16: Rule | B16: A lab counts as mastered only when all evidence exists; Dashboard uses Status as the progress signal. | D16: 12. Security & Infrastructure Protection | E16: 8 | F16: =COUNTIFS('Lab Checklist'!$B$5:$B$165,12,'Lab Checklist'!$K$5:$K$165,"Mastered") -> 0 | G16: =SUMIF('Lab Checklist'!$B$5:$B$165,12,'Lab Checklist'!$G$5:$G$165) -> 36 | H16: =IF(E16=0,0,F16/E16) -> 0
D17: 13. Operations, Assurance & Telemetry | E17: 10 | F17: =COUNTIFS('Lab Checklist'!$B$5:$B$165,13,'Lab Checklist'!$K$5:$K$165,"Mastered") -> 0 | G17: =SUMIF('Lab Checklist'!$B$5:$B$165,13,'Lab Checklist'!$G$5:$G$165) -> 44 | H17: =IF(E17=0,0,F17/E17) -> 0
D18: 14. Automation & Programmability | E18: 10 | F18: =COUNTIFS('Lab Checklist'!$B$5:$B$165,14,'Lab Checklist'!$K$5:$K$165,"Mastered") -> 0 | G18: =SUMIF('Lab Checklist'!$B$5:$B$165,14,'Lab Checklist'!$G$5:$G$165) -> 44 | H18: =IF(E18=0,0,F18/E18) -> 0
D19: 15. Design, Migration & Expert Integration | E19: 12 | F19: =COUNTIFS('Lab Checklist'!$B$5:$B$165,15,'Lab Checklist'!$K$5:$K$165,"Mastered") -> 0 | G19: =SUMIF('Lab Checklist'!$B$5:$B$165,15,'Lab Checklist'!$G$5:$G$165) -> 72 | H19: =IF(E19=0,0,F19/E19) -> 0

Sheet Roadmap
A1: Technology Roadmap
A2: Exit gates emphasize production behavior and repeatable troubleshooting—not topic recognition | B2: Exit gates emphasize production behavior and repeatable troubleshooting—not topic recognition | C2: Exit gates emphasize production behavior and repeatable troubleshooting—not topic recognition | D2: Exit gates emphasize production behavior and repeatable troubleshooting—not topic recognition | E2: Exit gates emphasize production behavior and repeatable troubleshooting—not topic recognition | F2: Exit gates emphasize production behavior and repeatable troubleshooting—not topic recognition | G2: Exit gates emphasize production behavior and repeatable troubleshooting—not topic recognition | H2: Exit gates emphasize production behavior and repeatable troubleshooting—not topic recognition
A4: Phase | B4: Primary Goal | C4: Exit Gate | D4: Labs | E4: Est. Hours | F4: Suggested Weeks | G4: Why It Matters
A5: 1. IOS XR & SP Foundations | B5: Operate IOS XR safely and build repeatable lab baselines | C5: Commit/rollback, interface/bundle, RIB/FIB and evidence workflow are fluent | D5: 7 | E5: 18 | F5: 2–3 | G5: Transfers your CCIE R&S base into IOS XR and SP-scale underlays.
A6: 2. Dual-Stack IGP Engineering | B6: Engineer scalable IS-IS and OSPFv2/v3 underlays | C6: Predict adjacencies, LSDB/SPF behavior, metrics, summarization and convergence | D6: 12 | E6: 33 | F6: 4–5 | G6: Transfers your CCIE R&S base into IOS XR and SP-scale underlays.
A7: 3. BGP at Service-Provider Scale | B7: Build policy-rich, scalable interdomain routing | C7: Explain and prove best path, RR behavior, policy, PIC and graceful operations | D7: 14 | E7: 62 | F7: 5–6 | G7: Builds deployable SP transport and customer services.
A8: 4. MPLS Transport: LDP & RSVP-TE | B8: Master legacy and still-deployed MPLS transports | C8: Trace labels end-to-end and repair transport/TE failures | D8: 10 | E8: 44 | F8: 4–5 | G8: Builds deployable SP transport and customer services.
A9: 5. Segment Routing MPLS & SR-TE | B9: Build modern SR-MPLS transport and traffic engineering | C9: Engineer SIDs, policies, TI-LFA and PCE-driven paths | D9: 13 | E9: 58 | F9: 5–6 | G9: Builds deployable SP transport and customer services.
A10: 6. L3VPN & Inter-AS | B10: Deliver resilient IPv4/IPv6 MPLS L3VPN services | C10: Trace VPN routes/labels and solve leaking, PE-CE and Inter-AS faults | D10: 15 | E10: 66 | F10: 5–6 | G10: Builds deployable SP transport and customer services.
A11: 7. L2VPN, EVPN & Multihoming | B11: Deliver VPWS/VPLS/EVPN services over MPLS | C11: Explain EVPN route types, DF, aliasing, mass-withdraw and data-plane behavior | D11: 16 | E11: 72 | F11: 6–7 | G11: Builds deployable SP transport and customer services.
A12: 8. Multicast & mVPN | B12: Operate provider and VPN multicast services | C12: Trace trees, signaling and RPF across core and VPN domains | D12: 11 | E12: 48 | F12: 4–5 | G12: Builds deployable SP transport and customer services.
A13: 9. Access, Metro & Subscriber Edge | B13: Understand realistic SP access and subscriber service handoff | C13: Operate Ethernet access, BNG concepts, DHCP/PPPoE and service demarcation | D13: 7 | E13: 30 | F13: 3–4 | G13: Builds deployable SP transport and customer services.
A14: 10. QoS & Traffic Engineering | B14: Engineer measurable service differentiation | C14: Classify, mark, police, shape, queue and verify under congestion | D14: 8 | E14: 36 | F14: 3–4 | G14: Builds deployable SP transport and customer services.
A15: 11. High Availability & Fast Convergence | B15: Minimize outage across link, node and control-plane failures | C15: Measure failure impact and convergence with BFD, FRR, NSR and GR | D15: 8 | E15: 36 | F15: 3–4 | G15: Builds deployable SP transport and customer services.
A16: 12. Security & Infrastructure Protection | B16: Harden routing, management and data planes | C16: Apply protections without breaking operations and prove attack/failure behavior | D16: 8 | E16: 36 | F16: 3–4 | G16: Builds deployable SP transport and customer services.
... A19: 15. Design, Migration & Expert Integration | B19: Integrate technologies under constraints and timed pressure | C19: Complete mixed-fault scenarios and defend design/change decisions | D19: 12 | E19: 72 | F19: 6–8 | G19: Builds the operating discipline expected from a senior SP engineer.

Sheet Lab Checklist
A1: Lab Checklist
A2: Editable columns: Status, Confidence, Evidence Link/Folder, Completed Date, Notes/Gap | B2: Editable columns: Status, Confidence, Evidence Link/Folder, Completed Date, Notes/Gap | C2: Editable columns: Status, Confidence, Evidence Link/Folder, Completed Date, Notes/Gap | D2: Editable columns: Status, Confidence, Evidence Link/Folder, Completed Date, Notes/Gap | E2: Editable columns: Status, Confidence, Evidence Link/Folder, Completed Date, Notes/Gap | F2: Editable columns: Status, Confidence, Evidence Link/Folder, Completed Date, Notes/Gap | G2: Editable columns: Status, Confidence, Evidence Link/Folder, Completed Date, Notes/Gap | H2: Editable columns: Status, Confidence, Evidence Link/Folder, Completed Date, Notes/Gap
A4: Lab ID | B4: Phase # | C4: Phase / Domain | D4: Lab / Scenario | E4: Mastery Outcome | F4: Suggested Topology | G4: Est. Hours | H4: Difficulty | I4: Priority | J4: Dependency | K4: Status | L4: Confidence (0–5) | M4: Evidence Link/Folder | N4: Completed Date | O4: Required Evidence | P4: Notes/Gap | Q4: Track
A5: LAB-001 | B5: 1 | C5: IOS XR & SP Foundations | D5: IOS XR CLI hierarchy and configuration commits | E5: Configure, explain, verify, break, and restore ios xr cli hierarchy and configuration commits on IOS XR. | F5: 2–3 XR nodes | G5: 2 | H5: Foundation | I5: Core | K5: Not Started | L5: 0 | O5: Configs; control-plane output; forwarding/traffic proof; fault + root cause; pre/post/rollback | Q5: Phase 1
A6: LAB-002 | B6: 1 | C6: IOS XR & SP Foundations | D6: Commit confirmed, rollback and configuration replace | E6: Configure, explain, verify, break, and restore commit confirmed, rollback and configuration replace on IOS XR. | F6: 2–3 XR nodes | G6: 2 | H6: Foundation | I6: Recommended | J6: LAB-001 | K6: Not Started | L6: 0 | O6: Configs; control-plane output; forwarding/traffic proof; fault + root cause; pre/post/rollback | Q6: Phase 1
A7: LAB-003 | B7: 1 | C7: IOS XR & SP Foundations | D7: Interface addressing, MTU and link-state validation | E7: Configure, explain, verify, break, and restore interface addressing, mtu and link-state validation on IOS XR. | F7: 2–3 XR nodes | G7: 2 | H7: Foundation | I7: Recommended | J7: LAB-002 | K7: Not Started | L7: 0 | O7: Configs; control-plane output; forwarding/traffic proof; fault + root cause; pre/post/rollback | Q7: Phase 1
A8: LAB-004 | B8: 1 | C8: IOS XR & SP Foundations | D8: Bundle-Ether with LACP and minimum-active links | E8: Configure, explain, verify, break, and restore bundle-ether with lacp and minimum-active links on IOS XR. | F8: 2–3 XR nodes | G8: 3 | H8: Intermediate | I8: Core | J8: LAB-003 | K8: Not Started | L8: 0 | O8: Configs; control-plane output; forwarding/traffic proof; fault + root cause; pre/post/rollback | Q8: Phase 1
A9: LAB-005 | B9: 1 | C9: IOS XR & SP Foundations | D9: VRF, RIB, CEF and recursive resolution | E9: Configure, explain, verify, break, and restore vrf, rib, cef and recursive resolution on IOS XR. | F9: 2–3 XR nodes | G9: 3 | H9: Intermediate | I9: Recommended | J9: LAB-004 | K9: Not Started | L9: 0 | O9: Configs; control-plane output; forwarding/traffic proof; fault + root cause; pre/post/rollback | Q9: Phase 1
A10: LAB-006 | B10: 1 | C10: IOS XR & SP Foundations | D10: Route-policy language fundamentals | E10: Configure, explain, verify, break, and restore route-policy language fundamentals on IOS XR. | F10: 2–3 XR nodes | G10: 3 | H10: Intermediate | I10: Recommended | J10: LAB-005 | K10: Not Started | L10: 0 | O10: Configs; control-plane output; forwarding/traffic proof; fault + root cause; pre/post/rollback | Q10: Phase 1
A11: LAB-007 | B11: 1 | C11: IOS XR & SP Foundations | D11: Management VRF, SSH, AAA and file operations | E11: Configure, explain, verify, break, and restore management vrf, ssh, aaa and file operations on IOS XR. | F11: 2–3 XR nodes | G11: 3 | H11: Intermediate | I11: Core | J11: LAB-006 | K11: Not Started | L11: 0 | O11: Configs; control-plane output; forwarding/traffic proof; fault + root cause; pre/post/rollback | Q11: Phase 1
A12: LAB-008 | B12: 2 | C12: Dual-Stack IGP Engineering | D12: IS-IS L2 single-area dual stack | E12: Configure, explain, verify, break, and restore is-is l2 single-area dual stack on IOS XR. | F12: 4–6 XR nodes | G12: 2 | H12: Foundation | I12: Core | K12: Not Started | L12: 0 | O12: Configs; control-plane output; forwarding/traffic proof; fault + root cause; pre/post/rollback | Q12: Phase 2
A13: LAB-009 | B13: 2 | C13: Dual-Stack IGP Engineering | D13: IS-IS L1/L2 hierarchy and attached-bit behavior | E13: Configure, explain, verify, break, and restore is-is l1/l2 hierarchy and attached-bit behavior on IOS XR. | F13: 4–6 XR nodes | G13: 2 | H13: Foundation | I13: Recommended | J13: LAB-008 | K13: Not Started | L13: 0 | O13: Configs; control-plane output; forwarding/traffic proof; fault + root cause; pre/post/rollback | Q13: Phase 2
A14: LAB-010 | B14: 2 | C14: Dual-Stack IGP Engineering | D14: IS-IS DIS election, pseudonode and LAN tuning | E14: Configure, explain, verify, break, and restore is-is dis election, pseudonode and lan tuning on IOS XR. | F14: 4–6 XR nodes | G14: 2 | H14: Foundation | I14: Recommended | J14: LAB-009 | K14: Not Started | L14: 0 | O14: Configs; control-plane output; forwarding/traffic proof; fault + root cause; pre/post/rollback | Q14: Phase 2
A15: LAB-011 | B15: 2 | C15: Dual-Stack IGP Engineering | D15: IS-IS wide metrics and overload bit | E15: Configure, explain, verify, break, and restore is-is wide metrics and overload bit on IOS XR. | F15: 4–6 XR nodes | G15: 3 | H15: Intermediate | I15: Core | J15: LAB-010 | K15: Not Started | L15: 0 | O15: Configs; control-plane output; forwarding/traffic proof; fault + root cause; pre/post/rollback | Q15: Phase 2
A16: LAB-012 | B16: 2 | C16: Dual-Stack IGP Engineering | D16: IS-IS route leaking and summarization | E16: Configure, explain, verify, break, and restore is-is route leaking and summarization on IOS XR. | F16: 4–6 XR nodes | G16: 3 | H16: Intermediate | I16: Recommended | J16: LAB-011 | K16: Not Started | L16: 0 | O16: Configs; control-plane output; forwarding/traffic proof; fault + root cause; pre/post/rollback | Q16: Phase 2
A17: LAB-013 | B17: 2 | C17: Dual-Stack IGP Engineering | D17: IS-IS authentication and adjacency faults | E17: Configure, explain, verify, break, and restore is-is authentication and adjacency faults on IOS XR. | F17: 4–6 XR nodes | G17: 3 | H17: Intermediate | I17: Recommended | J17: LAB-012 | K17: Not Started | L17: 0 | O17: Configs; control-plane output; forwarding/traffic proof; fault + root cause; pre/post/rollback | Q17: Phase 2
A18: LAB-014 | B18: 2 | C18: Dual-Stack IGP Engineering | D18: OSPFv2 multi-area and ABR behavior | E18: Configure, explain, verify, break, and restore ospfv2 multi-area and abr behavior on IOS XR. | F18: 4–6 XR nodes | G18: 3 | H18: Intermediate | I18: Core | J18: LAB-013 | K18: Not Started | L18: 0 | O18: Configs; control-plane output; forwarding/traffic proof; fault + root cause; pre/post/rollback | Q18: Phase 2
A19: LAB-015 | B19: 2 | C19: Dual-Stack IGP Engineering | D19: OSPFv3 dual-stack address families | E19: Configure, explain, verify, break, and restore ospfv3 dual-stack address families on IOS XR. | F19: 4–6 XR nodes | G19: 3 | H19: Intermediate | I19: Recommended | J19: LAB-014 | K19: Not Started | L19: 0 | O19: Configs; control-plane output; forwarding/traffic proof; fault + root cause; pre/post/rollback | Q19: Phase 2
A20: LAB-016 | B20: 2 | C20: Dual-Stack IGP Engineering | D20: OSPF network types and DR/BDR behavior | E20: Configure, explain, verify, break, and restore ospf network types and dr/bdr behavior on IOS XR. | F20: 4–6 XR nodes | G20: 3 | H20: Intermediate | I20: Recommended | J20: LAB-015 | K20: Not Started | L20: 0 | O20: Configs; control-plane output; forwarding/traffic proof; fault + root cause; pre/post/rollback | Q20: Phase 2
A21: LAB-017 | B21: 2 | C21: Dual-Stack IGP Engineering | D21: OSPF summarization, filtering and default origination | E21: Configure, explain, verify, break, and restore ospf summarization, filtering and default origination on IOS XR. | F21: 4–6 XR nodes | G21: 3 | H21: Intermediate | I21: Core | J21: LAB-016 | K21: Not Started | L21: 0 | O21: Configs; control-plane output; forwarding/traffic proof; fault + root cause; pre/post/rollback | Q21: Phase 2
A22: LAB-018 | B22: 2 | C22: Dual-Stack IGP Engineering | D22: IGP metric engineering and ECMP | E22: Configure, explain, verify, break, and restore igp metric engineering and ecmp on IOS XR. | F22: 4–6 XR nodes | G22: 3 | H22: Intermediate | I22: Recommended | J22: LAB-017 | K22: Not Started | L22: 0 | O22: Configs; control-plane output; forwarding/traffic proof; fault + root cause; pre/post/rollback | Q22: Phase 2
A23: LAB-019 | B23: 2 | C23: Dual-Stack IGP Engineering | D23: IGP microloop and convergence observation | E23: Configure, explain, verify, break, and restore igp microloop and convergence observation on IOS XR. | F23: 4–6 XR nodes | G23: 3 | H23: Intermediate | I23: Recommended | J23: LAB-018 | K23: Not Started | L23: 0 | O23: Configs; control-plane output; forwarding/traffic proof; fault + root cause; pre/post/rollback | Q23: Phase 2
A24: LAB-020 | B24: 3 | C24: BGP at Service-Provider Scale | D24: eBGP IPv4/IPv6 baseline and multihop | E24: Configure, explain, verify, break, and restore ebgp ipv4/ipv6 baseline and multihop on IOS XR. | F24: 4–6 XR nodes | G24: 4 | H24: Advanced | I24: Core | K24: Not Started | L24: 0 | O24: Configs; control-plane output; forwarding/traffic proof; fault + root cause; pre/post/rollback | Q24: Phase 3
A25: LAB-021 | B25: 3 | C25: BGP at Service-Provider Scale | D25: BGP best-path deep dive and deterministic MED | E25: Configure, explain, verify, break, and restore bgp best-path deep dive and deterministic med on IOS XR. | F25: 4–6 XR nodes | G25: 4 | H25: Advanced | I25: Core | J25: LAB-020 | K25: Not Started | L25: 0 | O25: Configs; control-plane output; forwarding/traffic proof; fault + root cause; pre/post/rollback | Q25: Phase 3
A26: LAB-022 | B26: 3 | C26: BGP at Service-Provider Scale | D26: IOS XR route-policy matching and attribute changes | E26: Configure, explain, verify, break, and restore ios xr route-policy matching and attribute changes on IOS XR. | F26: 4–6 XR nodes | G26: 4 | H26: Advanced | I26: Core | J26: LAB-021 | K26: Not Started | L26: 0 | O26: Configs; control-plane output; forwarding/traffic proof; fault + root cause; pre/post/rollback | Q26: Phase 3
A27: LAB-023 | B27: 3 | C27: BGP at Service-Provider Scale | D27: Prefix-set, AS-path-set and community-set design | E27: Configure, explain, verify, break, and restore prefix-set, as-path-set and community-set design on IOS XR. | F27: 4–6 XR nodes | G27: 6 | H27: Expert | I27: Core | J27: LAB-022 | K27: Not Started | L27: 0 | O27: Configs; control-plane output; forwarding/traffic proof; fault + root cause; pre/post/rollback | Q27: Phase 3
A28: LAB-024 | B28: 3 | C28: BGP at Service-Provider Scale | D28: BGP route reflector baseline and cluster behavior | E28: Configure, explain, verify, break, and restore bgp route reflector baseline and cluster behavior on IOS XR. | F28: 4–6 XR nodes | G28: 4 | H28: Advanced | I28: Core | J28: LAB-023 | K28: Not Started | L28: 0 | O28: Configs; control-plane output; forwarding/traffic proof; fault + root cause; pre/post/rollback | Q28: Phase 3
A29: LAB-025 | B29: 3 | C29: BGP at Service-Provider Scale | D29: Hierarchical route reflection and path hiding | E29: Configure, explain, verify, break, and restore hierarchical route reflection and path hiding on IOS XR. | F29: 4–6 XR nodes | G29: 4 | H29: Advanced | I29: Core | J29: LAB-024 | K29: Not Started | L29: 0 | O29: Configs; control-plane output; forwarding/traffic proof; fault + root cause; pre/post/rollback | Q29: Phase 3
A30: LAB-026 | B30: 3 | C30: BGP at Service-Provider Scale | D30: Add-Path and optimal route reflection concepts | E30: Configure, explain, verify, break, and restore add-path and optimal route reflection concepts on IOS XR. | F30: 4–6 XR nodes | G30: 4 | H30: Advanced | I30: Core | J30: LAB-025 | K30: Not Started | L30: 0 | O30: Configs; control-plane output; forwarding/traffic proof; fault + root cause; pre/post/rollback | Q30: Phase 3
A31: LAB-027 | B31: 3 | C31: BGP at Service-Provider Scale | D31: BGP multipath and unequal policy outcomes | E31: Configure, explain, verify, break, and restore bgp multipath and unequal policy outcomes on IOS XR. | F31: 4–6 XR nodes | G31: 6 | H31: Expert | I31: Core | J31: LAB-026 | K31: Not Started | L31: 0 | O31: Configs; control-plane output; forwarding/traffic proof; fault + root cause; pre/post/rollback | Q31: Phase 3
A32: LAB-028 | B32: 3 | C32: BGP at Service-Provider Scale | D32: BGP aggregation, suppression and conditional advertisement | E32: Configure, explain, verify, break, and restore bgp aggregation, suppression and conditional advertisement on IOS XR. | F32: 4–6 XR nodes | G32: 4 | H32: Advanced | I32: Core | J32: LAB-027 | K32: Not Started | L32: 0 | O32: Configs; control-plane output; forwarding/traffic proof; fault + root cause; pre/post/rollback | Q32: Phase 3
A33: LAB-029 | B33: 3 | C33: BGP at Service-Provider Scale | D33: BGP local-AS, allowas-in and AS override | E33: Configure, explain, verify, break, and restore bgp local-as, allowas-in and as override on IOS XR. | F33: 4–6 XR nodes | G33: 4 | H33: Advanced | I33: Core | J33: LAB-028 | K33: Not Started | L33: 0 | O33: Configs; control-plane output; forwarding/traffic proof; fault + root cause; pre/post/rollback | Q33: Phase 3
A34: LAB-030 | B34: 3 | C34: BGP at Service-Provider Scale | D34: BGP graceful shutdown and maintenance policy | E34: Configure, explain, verify, break, and restore bgp graceful shutdown and maintenance policy on IOS XR. | F34: 4–6 XR nodes | G34: 4 | H34: Advanced | I34: Core | J34: LAB-029 | K34: Not Started | L34: 0 | O34: Configs; control-plane output; forwarding/traffic proof; fault + root cause; pre/post/rollback | Q34: Phase 3
A35: LAB-031 | B35: 3 | C35: BGP at Service-Provider Scale | D35: BGP maximum-prefix and session protection | E35: Configure, explain, verify, break, and restore bgp maximum-prefix and session protection on IOS XR. | F35: 4–6 XR nodes | G35: 6 | H35: Expert | I35: Core | J35: LAB-030 | K35: Not Started | L35: 0 | O35: Configs; control-plane output; forwarding/traffic proof; fault + root cause; pre/post/rollback | Q35: Phase 3
A36: LAB-032 | B36: 3 | C36: BGP at Service-Provider Scale | D36: BGP labeled-unicast transport | E36: Configure, explain, verify, break, and restore bgp labeled-unicast transport on IOS XR. | F36: 4–6 XR nodes | G36: 4 | H36: Advanced | I36: Core | J36: LAB-031 | K36: Not Started | L36: 0 | O36: Configs; control-plane output; forwarding/traffic proof; fault + root cause; pre/post/rollback | Q36: Phase 3
A37: LAB-033 | B37: 3 | C37: BGP at Service-Provider Scale | D37: BGP convergence, PIC edge/core and next-hop tracking | E37: Configure, explain, verify, break, and restore bgp convergence, pic edge/core and next-hop tracking on IOS XR. | F37: 4–6 XR nodes | G37: 4 | H37: Advanced | I37: Core | J37: LAB-032 | K37: Not Started | L37: 0 | O37: Configs; control-plane output; forwarding/traffic proof; fault + root cause; pre/post/rollback | Q37: Phase 3
A38: LAB-034 | B38: 4 | C38: MPLS Transport: LDP & RSVP-TE | D38: LDP discovery, sessions and label bindings | E38: Configure, explain, verify, break, and restore ldp discovery, sessions and label bindings on IOS XR. | F38: 4–6 XR nodes | G38: 4 | H38: Advanced | I38: Core | K38: Not Started | L38: 0 | O38: Configs; control-plane output; forwarding/traffic proof; fault + root cause; pre/post/rollback | Q38: Phase 4
A39: LAB-035 | B39: 4 | C39: MPLS Transport: LDP & RSVP-TE | D39: LDP router-id and transport-address failure | E39: Configure, explain, verify, break, and restore ldp router-id and transport-address failure on IOS XR. | F39: 4–6 XR nodes | G39: 4 | H39: Advanced | I39: Recommended | J39: LAB-034 | K39: Not Started | L39: 0 | O39: Configs; control-plane output; forwarding/traffic proof; fault + root cause; pre/post/rollback | Q39: Phase 4
A40: LAB-036 | B40: 4 | C40: MPLS Transport: LDP & RSVP-TE | D40: LDP-IGP synchronization | E40: Configure, explain, verify, break, and restore ldp-igp synchronization on IOS XR. | F40: 4–6 XR nodes | G40: 4 | H40: Advanced | I40: Recommended | J40: LAB-035 | K40: Not Started | L40: 0 | O40: Configs; control-plane output; forwarding/traffic proof; fault + root cause; pre/post/rollback | Q40: Phase 4
A41: LAB-037 | B41: 4 | C41: MPLS Transport: LDP & RSVP-TE | D41: Targeted LDP session and pseudowire transport | E41: Configure, explain, verify, break, and restore targeted ldp session and pseudowire transport on IOS XR. | F41: 4–6 XR nodes | G41: 6 | H41: Expert | I41: Core | J41: LAB-036 | K41: Not Started | L41: 0 | O41: Configs; control-plane output; forwarding/traffic proof; fault + root cause; pre/post/rollback | Q41: Phase 4
A42: LAB-038 | B42: 4 | C42: MPLS Transport: LDP & RSVP-TE | D42: PHP, explicit-null and label-stack tracing | E42: Configure, explain, verify, break, and restore php, explicit-null and label-stack tracing on IOS XR. | F42: 4–6 XR nodes | G42: 4 | H42: Advanced | I42: Recommended | J42: LAB-037 | K42: Not Started | L42: 0 | O42: Configs; control-plane output; forwarding/traffic proof; fault + root cause; pre/post/rollback | Q42: Phase 4
A43: LAB-039 | B43: 4 | C43: MPLS Transport: LDP & RSVP-TE | D43: LDP authentication and filtering | E43: Configure, explain, verify, break, and restore ldp authentication and filtering on IOS XR. | F43: 4–6 XR nodes | G43: 4 | H43: Advanced | I43: Recommended | J43: LAB-038 | K43: Not Started | L43: 0 | O43: Configs; control-plane output; forwarding/traffic proof; fault + root cause; pre/post/rollback | Q43: Phase 4
A44: LAB-040 | B44: 4 | C44: MPLS Transport: LDP & RSVP-TE | D44: RSVP-TE topology and IGP TE extensions | E44: Configure, explain, verify, break, and restore rsvp-te topology and igp te extensions on IOS XR. | F44: 4–6 XR nodes | G44: 4 | H44: Advanced | I44: Core | J44: LAB-039 | K44: Not Started | L44: 0 | O44: Configs; control-plane output; forwarding/traffic proof; fault + root cause; pre/post/rollback | Q44: Phase 4
A45: LAB-041 | B45: 4 | C45: MPLS Transport: LDP & RSVP-TE | D45: RSVP-TE explicit path and bandwidth reservation | E45: Configure, explain, verify, break, and restore rsvp-te explicit path and bandwidth reservation on IOS XR. | F45: 4–6 XR nodes | G45: 6 | H45: Expert | I45: Recommended | J45: LAB-040 | K45: Not Started | L45: 0 | O45: Configs; control-plane output; forwarding/traffic proof; fault + root cause; pre/post/rollback | Q45: Phase 4
A46: LAB-042 | B46: 4 | C46: MPLS Transport: LDP & RSVP-TE | D46: RSVP-TE path protection and FRR | E46: Configure, explain, verify, break, and restore rsvp-te path protection and frr on IOS XR. | F46: 4–6 XR nodes | G46: 4 | H46: Advanced | I46: Recommended | J46: LAB-041 | K46: Not Started | L46: 0 | O46: Configs; control-plane output; forwarding/traffic proof; fault + root cause; pre/post/rollback | Q46: Phase 4
A47: LAB-043 | B47: 4 | C47: MPLS Transport: LDP & RSVP-TE | D47: MPLS MTU and fragmentation troubleshooting | E47: Configure, explain, verify, break, and restore mpls mtu and fragmentation troubleshooting on IOS XR. | F47: 4–6 XR nodes | G47: 4 | H47: Advanced | I47: Core | J47: LAB-042 | K47: Not Started | L47: 0 | O47: Configs; control-plane output; forwarding/traffic proof; fault + root cause; pre/post/rollback | Q47: Phase 4
A48: LAB-044 | B48: 5 | C48: Segment Routing MPLS & SR-TE | D48: SR-MPLS global block and prefix-SID fundamentals | E48: Configure, explain, verify, break, and restore sr-mpls global block and prefix-sid fundamentals on IOS XR. | F48: 4–6 XR nodes | G48: 4 | H48: Advanced | I48: Core | K48: Not Started | L48: 0 | O48: Configs; control-plane output; forwarding/traffic proof; fault + root cause; pre/post/rollback | Q48: Phase 5
A49: LAB-045 | B49: 5 | C49: Segment Routing MPLS & SR-TE | D49: IS-IS SR-MPLS underlay | E49: Configure, explain, verify, break, and restore is-is sr-mpls underlay on IOS XR. | F49: 4–6 XR nodes | G49: 4 | H49: Advanced | I49: Core | J49: LAB-044 | K49: Not Started | L49: 0 | O49: Configs; control-plane output; forwarding/traffic proof; fault + root cause; pre/post/rollback | Q49: Phase 5
A50: LAB-046 | B50: 5 | C50: Segment Routing MPLS & SR-TE | D50: OSPF SR-MPLS underlay | E50: Configure, explain, verify, break, and restore ospf sr-mpls underlay on IOS XR. | F50: 4–6 XR nodes | G50: 4 | H50: Advanced | I50: Core | J50: LAB-045 | K50: Not Started | L50: 0 | O50: Configs; control-plane output; forwarding/traffic proof; fault + root cause; pre/post/rollback | Q50: Phase 5
A51: LAB-047 | B51: 5 | C51: Segment Routing MPLS & SR-TE | D51: Absolute/relative prefix-SID collision handling | E51: Configure, explain, verify, break, and restore absolute/relative prefix-sid collision handling on IOS XR. | F51: 4–6 XR nodes | G51: 6 | H51: Expert | I51: Core | J51: LAB-046 | K51: Not Started | L51: 0 | O51: Configs; control-plane output; forwarding/traffic proof; fault + root cause; pre/post/rollback | Q51: Phase 5
A52: LAB-048 | B52: 5 | C52: Segment Routing MPLS & SR-TE | D52: Adjacency SID and strict-path forwarding | E52: Configure, explain, verify, break, and restore adjacency sid and strict-path forwarding on IOS XR. | F52: 4–6 XR nodes | G52: 4 | H52: Advanced | I52: Core | J52: LAB-047 | K52: Not Started | L52: 0 | O52: Configs; control-plane output; forwarding/traffic proof; fault + root cause; pre/post/rollback | Q52: Phase 5
A53: LAB-049 | B53: 5 | C53: Segment Routing MPLS & SR-TE | D53: SR-TE policy with explicit segment list | E53: Configure, explain, verify, break, and restore sr-te policy with explicit segment list on IOS XR. | F53: 4–6 XR nodes | G53: 4 | H53: Advanced | I53: Core | J53: LAB-048 | K53: Not Started | L53: 0 | O53: Configs; control-plane output; forwarding/traffic proof; fault + root cause; pre/post/rollback | Q53: Phase 5
A54: LAB-050 | B54: 5 | C54: Segment Routing MPLS & SR-TE | D54: SR-TE dynamic candidate path | E54: Configure, explain, verify, break, and restore sr-te dynamic candidate path on IOS XR. | F54: 4–6 XR nodes | G54: 4 | H54: Advanced | I54: Core | J54: LAB-049 | K54: Not Started | L54: 0 | O54: Configs; control-plane output; forwarding/traffic proof; fault + root cause; pre/post/rollback | Q54: Phase 5
A55: LAB-051 | B55: 5 | C55: Segment Routing MPLS & SR-TE | D55: BGP color extended community and ODN steering | E55: Configure, explain, verify, break, and restore bgp color extended community and odn steering on IOS XR. | F55: 4–6 XR nodes | G55: 6 | H55: Expert | I55: Core | J55: LAB-050 | K55: Not Started | L55: 0 | O55: Configs; control-plane output; forwarding/traffic proof; fault + root cause; pre/post/rollback | Q55: Phase 5
A56: LAB-052 | B56: 5 | C56: Segment Routing MPLS & SR-TE | D56: PCE/PCEP path computation workflow | E56: Configure, explain, verify, break, and restore pce/pcep path computation workflow on IOS XR. | F56: 4–6 XR nodes | G56: 4 | H56: Advanced | I56: Core | J56: LAB-051 | K56: Not Started | L56: 0 | O56: Configs; control-plane output; forwarding/traffic proof; fault + root cause; pre/post/rollback | Q56: Phase 5
A57: LAB-053 | B57: 5 | C57: Segment Routing MPLS & SR-TE | D57: TI-LFA link protection | E57: Configure, explain, verify, break, and restore ti-lfa link protection on IOS XR. | F57: 4–6 XR nodes | G57: 4 | H57: Advanced | I57: Core | J57: LAB-052 | K57: Not Started | L57: 0 | O57: Configs; control-plane output; forwarding/traffic proof; fault + root cause; pre/post/rollback | Q57: Phase 5
A58: LAB-054 | B58: 5 | C58: Segment Routing MPLS & SR-TE | D58: TI-LFA node and SRLG protection | E58: Configure, explain, verify, break, and restore ti-lfa node and srlg protection on IOS XR. | F58: 4–6 XR nodes | G58: 4 | H58: Advanced | I58: Core | J58: LAB-053 | K58: Not Started | L58: 0 | O58: Configs; control-plane output; forwarding/traffic proof; fault + root cause; pre/post/rollback | Q58: Phase 5
A59: LAB-055 | B59: 5 | C59: Segment Routing MPLS & SR-TE | D59: SR flexible algorithm fundamentals | E59: Configure, explain, verify, break, and restore sr flexible algorithm fundamentals on IOS XR. | F59: 4–6 XR nodes | G59: 6 | H59: Expert | I59: Core | J59: LAB-054 | K59: Not Started | L59: 0 | O59: Configs; control-plane output; forwarding/traffic proof; fault + root cause; pre/post/rollback | Q59: Phase 5
A60: LAB-056 | B60: 5 | C60: Segment Routing MPLS & SR-TE | D60: SR policy failure and fallback behavior | E60: Configure, explain, verify, break, and restore sr policy failure and fallback behavior on IOS XR. | F60: 4–6 XR nodes | G60: 4 | H60: Advanced | I60: Core | J60: LAB-055 | K60: Not Started | L60: 0 | O60: Configs; control-plane output; forwarding/traffic proof; fault + root cause; pre/post/rollback | Q60: Phase 5
A61: LAB-057 | B61: 6 | C61: L3VPN & Inter-AS | D61: Basic IPv4 L3VPN with MP-BGP | E61: Configure, explain, verify, break, and restore basic ipv4 l3vpn with mp-bgp on IOS XR. | F61: 4–6 XR nodes | G61: 4 | H61: Advanced | I61: Core | K61: Not Started | L61: 0 | O61: Configs; control-plane output; forwarding/traffic proof; fault + root cause; pre/post/rollback | Q61: Phase 6
A62: LAB-058 | B62: 6 | C62: L3VPN & Inter-AS | D62: Dual-stack L3VPN and VPNv6 | E62: Configure, explain, verify, break, and restore dual-stack l3vpn and vpnv6 on IOS XR. | F62: 4–6 XR nodes | G62: 4 | H62: Advanced | I62: Core | J62: LAB-057 | K62: Not Started | L62: 0 | O62: Configs; control-plane output; forwarding/traffic proof; fault + root cause; pre/post/rollback | Q62: Phase 6
A63: LAB-059 | B63: 6 | C63: L3VPN & Inter-AS | D63: RD/RT design and route-target constraints | E63: Configure, explain, verify, break, and restore rd/rt design and route-target constraints on IOS XR. | F63: 4–6 XR nodes | G63: 4 | H63: Advanced | I63: Core | J63: LAB-058 | K63: Not Started | L63: 0 | O63: Configs; control-plane output; forwarding/traffic proof; fault + root cause; pre/post/rollback | Q63: Phase 6
A64: LAB-060 | B64: 6 | C64: L3VPN & Inter-AS | D64: PE-CE static and connected routing | E64: Configure, explain, verify, break, and restore pe-ce static and connected routing on IOS XR. | F64: 4–6 XR nodes | G64: 6 | H64: Expert | I64: Core | J64: LAB-059 | K64: Not Started | L64: 0 | O64: Configs; control-plane output; forwarding/traffic proof; fault + root cause; pre/post/rollback | Q64: Phase 6
A65: LAB-061 | B65: 6 | C65: L3VPN & Inter-AS | D65: PE-CE OSPF with sham-link/domain behavior | E65: Configure, explain, verify, break, and restore pe-ce ospf with sham-link/domain behavior on IOS XR. | F65: 4–6 XR nodes | G65: 4 | H65: Advanced | I65: Core | J65: LAB-060 | K65: Not Started | L65: 0 | O65: Configs; control-plane output; forwarding/traffic proof; fault + root cause; pre/post/rollback | Q65: Phase 6
A66: LAB-062 | B66: 6 | C66: L3VPN & Inter-AS | D66: PE-CE eBGP with AS override and allowas-in | E66: Configure, explain, verify, break, and restore pe-ce ebgp with as override and allowas-in on IOS XR. | F66: 4–6 XR nodes | G66: 4 | H66: Advanced | I66: Core | J66: LAB-061 | K66: Not Started | L66: 0 | O66: Configs; control-plane output; forwarding/traffic proof; fault + root cause; pre/post/rollback | Q66: Phase 6
A67: LAB-063 | B67: 6 | C67: L3VPN & Inter-AS | D67: PE-CE IS-IS or RIP service comparison | E67: Configure, explain, verify, break, and restore pe-ce is-is or rip service comparison on IOS XR. | F67: 4–6 XR nodes | G67: 4 | H67: Advanced | I67: Core | J67: LAB-062 | K67: Not Started | L67: 0 | O67: Configs; control-plane output; forwarding/traffic proof; fault + root cause; pre/post/rollback | Q67: Phase 6
A68: LAB-064 | B68: 6 | C68: L3VPN & Inter-AS | D68: Extranet route leaking with selective RT policy | E68: Configure, explain, verify, break, and restore extranet route leaking with selective rt policy on IOS XR. | F68: 4–6 XR nodes | G68: 6 | H68: Expert | I68: Core | J68: LAB-063 | K68: Not Started | L68: 0 | O68: Configs; control-plane output; forwarding/traffic proof; fault + root cause; pre/post/rollback | Q68: Phase 6
A69: LAB-065 | B69: 6 | C69: L3VPN & Inter-AS | D69: VRF route leaking via route-policy | E69: Configure, explain, verify, break, and restore vrf route leaking via route-policy on IOS XR. | F69: 4–6 XR nodes | G69: 4 | H69: Advanced | I69: Core | J69: LAB-064 | K69: Not Started | L69: 0 | O69: Configs; control-plane output; forwarding/traffic proof; fault + root cause; pre/post/rollback | Q69: Phase 6
A70: LAB-066 | B70: 6 | C70: L3VPN & Inter-AS | D70: Carrier Supporting Carrier concepts | E70: Configure, explain, verify, break, and restore carrier supporting carrier concepts on IOS XR. | F70: 4–6 XR nodes | G70: 4 | H70: Advanced | I70: Core | J70: LAB-065 | K70: Not Started | L70: 0 | O70: Configs; control-plane output; forwarding/traffic proof; fault + root cause; pre/post/rollback | Q70: Phase 6
A71: LAB-067 | B71: 6 | C71: L3VPN & Inter-AS | D71: Inter-AS Option A | E71: Configure, explain, verify, break, and restore inter-as option a on IOS XR. | F71: 4–6 XR nodes | G71: 4 | H71: Advanced | I71: Core | J71: LAB-066 | K71: Not Started | L71: 0 | O71: Configs; control-plane output; forwarding/traffic proof; fault + root cause; pre/post/rollback | Q71: Phase 6
A72: LAB-068 | B72: 6 | C72: L3VPN & Inter-AS | D72: Inter-AS Option B | E72: Configure, explain, verify, break, and restore inter-as option b on IOS XR. | F72: 4–6 XR nodes | G72: 6 | H72: Expert | I72: Core | J72: LAB-067 | K72: Not Started | L72: 0 | O72: Configs; control-plane output; forwarding/traffic proof; fault + root cause; pre/post/rollback | Q72: Phase 6
A73: LAB-069 | B73: 6 | C73: L3VPN & Inter-AS | D73: Inter-AS Option C | E73: Configure, explain, verify, break, and restore inter-as option c on IOS XR. | F73: 4–6 XR nodes | G73: 4 | H73: Advanced | I73: Core | J73: LAB-068 | K73: Not Started | L73: 0 | O73: Configs; control-plane output; forwarding/traffic proof; fault + root cause; pre/post/rollback | Q73: Phase 6
... A75: LAB-071 | B75: 6 | C75: L3VPN & Inter-AS | D75: L3VPN convergence and per-prefix label behavior | E75: Configure, explain, verify, break, and restore l3vpn convergence and per-prefix label behavior on IOS XR. | F75: 4–6 XR nodes | G75: 4 | H75: Advanced | I75: Core | J75: LAB-070 | K75: Not Started | L75: 0 | O75: Configs; control-plane output; forwarding/traffic proof; fault + root cause; pre/post/rollback | Q75: Phase 6
A76: LAB-072 | B76: 7 | C76: L2VPN, EVPN & Multihoming | D76: VPWS/xconnect over LDP | E76: Configure, explain, verify, break, and restore vpws/xconnect over ldp on IOS XR. | F76: 4 PE + 2 P + CE/host nodes | G76: 4 | H76: Advanced | I76: Core | K76: Not Started | L76: 0 | O76: Configs; control-plane output; forwarding/traffic proof; fault + root cause; pre/post/rollback | Q76: Phase 7
A77: LAB-073 | B77: 7 | C77: L2VPN, EVPN & Multihoming | D77: VPWS control word, MTU and status signaling | E77: Configure, explain, verify, break, and restore vpws control word, mtu and status signaling on IOS XR. | F77: 4 PE + 2 P + CE/host nodes | G77: 4 | H77: Advanced | I77: Core | J77: LAB-072 | K77: Not Started | L77: 0 | O77: Configs; control-plane output; forwarding/traffic proof; fault + root cause; pre/post/rollback | Q77: Phase 7
A78: LAB-074 | B78: 7 | C78: L2VPN, EVPN & Multihoming | D78: VPLS bridge-domain and split horizon | E78: Configure, explain, verify, break, and restore vpls bridge-domain and split horizon on IOS XR. | F78: 4 PE + 2 P + CE/host nodes | G78: 4 | H78: Advanced | I78: Core | J78: LAB-073 | K78: Not Started | L78: 0 | O78: Configs; control-plane output; forwarding/traffic proof; fault + root cause; pre/post/rollback | Q78: Phase 7
A79: LAB-075 | B79: 7 | C79: L2VPN, EVPN & Multihoming | D79: VPLS multihoming and pseudowire redundancy | E79: Configure, explain, verify, break, and restore vpls multihoming and pseudowire redundancy on IOS XR. | F79: 4 PE + 2 P + CE/host nodes | G79: 6 | H79: Expert | I79: Core | J79: LAB-074 | K79: Not Started | L79: 0 | O79: Configs; control-plane output; forwarding/traffic proof; fault + root cause; pre/post/rollback | Q79: Phase 7
A80: LAB-076 | B80: 7 | C80: L2VPN, EVPN & Multihoming | D80: EVPN route-type 2 MAC/IP advertisement | E80: Configure, explain, verify, break, and restore evpn route-type 2 mac/ip advertisement on IOS XR. | F80: 4 PE + 2 P + CE/host nodes | G80: 4 | H80: Advanced | I80: Core | J80: LAB-075 | K80: Not Started | L80: 0 | O80: Configs; control-plane output; forwarding/traffic proof; fault + root cause; pre/post/rollback | Q80: Phase 7
A81: LAB-077 | B81: 7 | C81: L2VPN, EVPN & Multihoming | D81: EVPN route-type 3 inclusive multicast | E81: Configure, explain, verify, break, and restore evpn route-type 3 inclusive multicast on IOS XR. | F81: 4 PE + 2 P + CE/host nodes | G81: 4 | H81: Advanced | I81: Core | J81: LAB-076 | K81: Not Started | L81: 0 | O81: Configs; control-plane output; forwarding/traffic proof; fault + root cause; pre/post/rollback | Q81: Phase 7
A82: LAB-078 | B82: 7 | C82: L2VPN, EVPN & Multihoming | D82: EVPN VPWS with route types 1 and 4 | E82: Configure, explain, verify, break, and restore evpn vpws with route types 1 and 4 on IOS XR. | F82: 4 PE + 2 P + CE/host nodes | G82: 4 | H82: Advanced | I82: Core | J82: LAB-077 | K82: Not Started | L82: 0 | O82: Configs; control-plane output; forwarding/traffic proof; fault + root cause; pre/post/rollback | Q82: Phase 7
A83: LAB-079 | B83: 7 | C83: L2VPN, EVPN & Multihoming | D83: EVPN E-LAN single-homing over MPLS | E83: Configure, explain, verify, break, and restore evpn e-lan single-homing over mpls on IOS XR. | F83: 4 PE + 2 P + CE/host nodes | G83: 6 | H83: Expert | I83: Core | J83: LAB-078 | K83: Not Started | L83: 0 | O83: Configs; control-plane output; forwarding/traffic proof; fault + root cause; pre/post/rollback | Q83: Phase 7
A84: LAB-080 | B84: 7 | C84: L2VPN, EVPN & Multihoming | D84: EVPN all-active multihoming and ESI | E84: Configure, explain, verify, break, and restore evpn all-active multihoming and esi on IOS XR. | F84: 4 PE + 2 P + CE/host nodes | G84: 4 | H84: Advanced | I84: Core | J84: LAB-079 | K84: Not Started | L84: 0 | O84: Configs; control-plane output; forwarding/traffic proof; fault + root cause; pre/post/rollback | Q84: Phase 7
A85: LAB-081 | B85: 7 | C85: L2VPN, EVPN & Multihoming | D85: EVPN single-active multihoming | E85: Configure, explain, verify, break, and restore evpn single-active multihoming on IOS XR. | F85: 4 PE + 2 P + CE/host nodes | G85: 4 | H85: Advanced | I85: Core | J85: LAB-080 | K85: Not Started | L85: 0 | O85: Configs; control-plane output; forwarding/traffic proof; fault + root cause; pre/post/rollback | Q85: Phase 7
A86: LAB-082 | B86: 7 | C86: L2VPN, EVPN & Multihoming | D86: EVPN DF election and service carving | E86: Configure, explain, verify, break, and restore evpn df election and service carving on IOS XR. | F86: 4 PE + 2 P + CE/host nodes | G86: 4 | H86: Advanced | I86: Core | J86: LAB-081 | K86: Not Started | L86: 0 | O86: Configs; control-plane output; forwarding/traffic proof; fault + root cause; pre/post/rollback | Q86: Phase 7
A87: LAB-083 | B87: 7 | C87: L2VPN, EVPN & Multihoming | D87: EVPN aliasing and backup-path behavior | E87: Configure, explain, verify, break, and restore evpn aliasing and backup-path behavior on IOS XR. | F87: 4 PE + 2 P + CE/host nodes | G87: 6 | H87: Expert | I87: Core | J87: LAB-082 | K87: Not Started | L87: 0 | O87: Configs; control-plane output; forwarding/traffic proof; fault + root cause; pre/post/rollback | Q87: Phase 7
A88: LAB-084 | B88: 7 | C88: L2VPN, EVPN & Multihoming | D88: EVPN MAC mobility and duplicate detection | E88: Configure, explain, verify, break, and restore evpn mac mobility and duplicate detection on IOS XR. | F88: 4 PE + 2 P + CE/host nodes | G88: 4 | H88: Advanced | I88: Core | J88: LAB-083 | K88: Not Started | L88: 0 | O88: Configs; control-plane output; forwarding/traffic proof; fault + root cause; pre/post/rollback | Q88: Phase 7
... A91: LAB-087 | B91: 7 | C91: L2VPN, EVPN & Multihoming | D91: EVPN over SR-MPLS and SR-TE steering | E91: Configure, explain, verify, break, and restore evpn over sr-mpls and sr-te steering on IOS XR. | F91: 4 PE + 2 P + CE/host nodes | G91: 6 | H91: Expert | I91: Core | J91: LAB-086 | K91: Not Started | L91: 0 | O91: Configs; control-plane output; forwarding/traffic proof; fault + root cause; pre/post/rollback | Q91: Phase 7
A92: LAB-088 | B92: 8 | C92: Multicast & mVPN | D92: PIM sparse mode and RP fundamentals | E92: Configure, explain, verify, break, and restore pim sparse mode and rp fundamentals on IOS XR. | F92: 4–6 XR nodes | G92: 4 | H92: Advanced | I92: Core | K92: Not Started | L92: 0 | O92: Configs; control-plane output; forwarding/traffic proof; fault + root cause; pre/post/rollback | Q92: Phase 8
A93: LAB-089 | B93: 8 | C93: Multicast & mVPN | D93: Static RP and BSR control plane | E93: Configure, explain, verify, break, and restore static rp and bsr control plane on IOS XR. | F93: 4–6 XR nodes | G93: 4 | H93: Advanced | I93: Recommended | J93: LAB-088 | K93: Not Started | L93: 0 | O93: Configs; control-plane output; forwarding/traffic proof; fault + root cause; pre/post/rollback | Q93: Phase 8
A94: LAB-090 | B94: 8 | C94: Multicast & mVPN | D94: SSM and IGMPv3 | E94: Configure, explain, verify, break, and restore ssm and igmpv3 on IOS XR. | F94: 4–6 XR nodes | G94: 4 | H94: Advanced | I94: Recommended | J94: LAB-089 | K94: Not Started | L94: 0 | O94: Configs; control-plane output; forwarding/traffic proof; fault + root cause; pre/post/rollback | Q94: Phase 8
A95: LAB-091 | B95: 8 | C95: Multicast & mVPN | D95: Anycast RP with MSDP | E95: Configure, explain, verify, break, and restore anycast rp with msdp on IOS XR. | F95: 4–6 XR nodes | G95: 6 | H95: Expert | I95: Core | J95: LAB-090 | K95: Not Started | L95: 0 | O95: Configs; control-plane output; forwarding/traffic proof; fault + root cause; pre/post/rollback | Q95: Phase 8
A96: LAB-092 | B96: 8 | C96: Multicast & mVPN | D96: Multicast RPF and ECMP behavior | E96: Configure, explain, verify, break, and restore multicast rpf and ecmp behavior on IOS XR. | F96: 4–6 XR nodes | G96: 4 | H96: Advanced | I96: Recommended | J96: LAB-091 | K96: Not Started | L96: 0 | O96: Configs; control-plane output; forwarding/traffic proof; fault + root cause; pre/post/rollback | Q96: Phase 8
A97: LAB-093 | B97: 8 | C97: Multicast & mVPN | D97: NG-mVPN profile 0 baseline | E97: Configure, explain, verify, break, and restore ng-mvpn profile 0 baseline on IOS XR. | F97: 4–6 XR nodes | G97: 4 | H97: Advanced | I97: Recommended | J97: LAB-092 | K97: Not Started | L97: 0 | O97: Configs; control-plane output; forwarding/traffic proof; fault + root cause; pre/post/rollback | Q97: Phase 8
A98: LAB-094 | B98: 8 | C98: Multicast & mVPN | D98: NG-mVPN profile 7 shared tree | E98: Configure, explain, verify, break, and restore ng-mvpn profile 7 shared tree on IOS XR. | F98: 4–6 XR nodes | G98: 4 | H98: Advanced | I98: Core | J98: LAB-093 | K98: Not Started | L98: 0 | O98: Configs; control-plane output; forwarding/traffic proof; fault + root cause; pre/post/rollback | Q98: Phase 8
A99: LAB-095 | B99: 8 | C99: Multicast & mVPN | D99: NG-mVPN profile 11 source tree | E99: Configure, explain, verify, break, and restore ng-mvpn profile 11 source tree on IOS XR. | F99: 4–6 XR nodes | G99: 6 | H99: Expert | I99: Recommended | J99: LAB-094 | K99: Not Started | L99: 0 | O99: Configs; control-plane output; forwarding/traffic proof; fault + root cause; pre/post/rollback | Q99: Phase 8
A100: LAB-096 | B100: 8 | C100: Multicast & mVPN | D100: mVPN route types and PMSI attributes | E100: Configure, explain, verify, break, and restore mvpn route types and pmsi attributes on IOS XR. | F100: 4–6 XR nodes | G100: 4 | H100: Advanced | I100: Recommended | J100: LAB-095 | K100: Not Started | L100: 0 | O100: Configs; control-plane output; forwarding/traffic proof; fault + root cause; pre/post/rollback | Q100: Phase 8
A101: LAB-097 | B101: 8 | C101: Multicast & mVPN | D101: Extranet multicast VPN | E101: Configure, explain, verify, break, and restore extranet multicast vpn on IOS XR. | F101: 4–6 XR nodes | G101: 4 | H101: Advanced | I101: Core | J101: LAB-096 | K101: Not Started | L101: 0 | O101: Configs; control-plane output; forwarding/traffic proof; fault + root cause; pre/post/rollback | Q101: Phase 8
A102: LAB-098 | B102: 8 | C102: Multicast & mVPN | D102: Multicast failure isolation and packet proof | E102: Configure, explain, verify, break, and restore multicast failure isolation and packet proof on IOS XR. | F102: 4–6 XR nodes | G102: 4 | H102: Advanced | I102: Recommended | J102: LAB-097 | K102: Not Started | L102: 0 | O102: Configs; control-plane output; forwarding/traffic proof; fault + root cause; pre/post/rollback | Q102: Phase 8
A103: LAB-099 | B103: 9 | C103: Access, Metro & Subscriber Edge | D103: 802.1Q handoff, QinQ and rewrite operations | E103: Configure, explain, verify, break, and restore 802.1q handoff, qinq and rewrite operations on IOS XR. | F103: 2 PE + access/host nodes | G103: 4 | H103: Advanced | I103: Core | K103: Not Started | L103: 0 | O103: Configs; control-plane output; forwarding/traffic proof; fault + root cause; pre/post/rollback | Q103: Phase 9
A104: LAB-100 | B104: 9 | C104: Access, Metro & Subscriber Edge | D104: Ethernet CFM continuity checks | E104: Configure, explain, verify, break, and restore ethernet cfm continuity checks on IOS XR. | F104: 2 PE + access/host nodes | G104: 4 | H104: Advanced | I104: Recommended | J104: LAB-099 | K104: Not Started | L104: 0 | O104: Configs; control-plane output; forwarding/traffic proof; fault + root cause; pre/post/rollback | Q104: Phase 9
...

Sheet Capstones
A1: Capstones & Timed Milestones
A2: Attempt only after the prerequisite phases meet their exit gates | B2: Attempt only after the prerequisite phases meet their exit gates | C2: Attempt only after the prerequisite phases meet their exit gates | D2: Attempt only after the prerequisite phases meet their exit gates | E2: Attempt only after the prerequisite phases meet their exit gates | F2: Attempt only after the prerequisite phases meet their exit gates | G2: Attempt only after the prerequisite phases meet their exit gates | H2: Attempt only after the prerequisite phases meet their exit gates
A4: ID | B4: Name | C4: Prerequisite Phases | D4: Scenario | E4: Nodes | F4: Timebox | G4: Required Evidence | H4: Status | I4: Confidence | J4: Notes / Gap
A5: CAP-01 | B5: Core Bring-up | C5: 1–3 | D5: Build dual-stack IS-IS + RR-based BGP core from blank | E5: 6 | F5: Untimed | G5: Core reachability, policy, evidence pack | H5: Not Started | I5: 0
A6: CAP-02 | B6: MPLS Transport | C6: 2–5 | D6: Run LDP, RSVP-TE and SR-MPLS transports; compare forwarding and failure behavior | E6: 8 | F6: Untimed | G6: Label trace, TE path, failure comparison | H6: Not Started | I6: 0
A7: CAP-03 | B7: L3VPN Provider | C7: 3–6 | D7: Deploy dual-stack L3VPN with diverse PE-CE and selective leaking | E7: 8 | F7: 6 hours | G7: Service matrix, route/label trace, rollback | H7: Not Started | I7: 0
A8: CAP-04 | B8: EVPN Metro | C8: 3,5,7,11 | D8: Deploy EVPN E-LAN/VPWS with all-active multihoming and convergence tests | E8: 8 | F8: 6 hours | G8: EVPN route proof, DF/failover timing, OAM | H8: Not Started | I8: 0
A9: CAP-05 | B9: mVPN + QoS | C9: 6,8,10 | D9: Deliver multicast VPN with measurable QoS under congestion | E9: 6 | F9: 5 hours | G9: Tree/RPF proof, loss/queue measurements | H9: Not Started | I9: 0
A10: CAP-06 | B10: Secure Operations | C10: 11–14 | D10: Harden, instrument and automate a brownfield service network | E10: 8 | F10: 6 hours | G10: Change plan, telemetry, compliance and rollback | H10: Not Started | I10: 0
A11: CAP-07 | B11: Mixed Fault Marathon | C11: All | D11: Diagnose 12 seeded faults spanning underlay, transport, VPN, QoS and security | E11: 10 | F11: 8 hours | G11: Hypothesis/evidence log and minimal fixes | H11: Not Started | I11: 0
A12: CAP-08 | B12: Full CCIE-SP Simulation | C12: All | D12: Plan/design, deploy, operate and optimize a complex dual-stack SP network | E12: 12 | F12: 8 hours | G12: Score sheet, evidence package and gap backlog | H12: Not Started | I12: 0

Sheet Sources
A1: Sources & Scope Notes
A2: Official Cisco references used to anchor the current certification scope; roadmap intentionally extends beyond the exam | B2: Official Cisco references used to anchor the current certification scope; roadmap intentionally extends beyond the exam | C2: Official Cisco references used to anchor the current certification scope; roadmap intentionally extends beyond the exam | D2: Official Cisco references used to anchor the current certification scope; roadmap intentionally extends beyond the exam | E2: Official Cisco references used to anchor the current certification scope; roadmap intentionally extends beyond the exam | F2: Official Cisco references used to anchor the current certification scope; roadmap intentionally extends beyond the exam | G2: Official Cisco references used to anchor the current certification scope; roadmap intentionally extends beyond the exam | H2: Official Cisco references used to anchor the current certification scope; roadmap intentionally extends beyond the exam
A4: Source | B4: URL | C4: Used For | D4: Scope Note
A5: CCIE Service Provider v5.1 Practical Exam Topics | B5: https://learningnetwork.cisco.com/s/ccie-service-provider-exam-topics | C5: Current practical-domain alignment | D5: Core routing; architectures/services; access; convergence; security/assurance/automation
A6: CCIE Service Provider exams and training | B6: https://www.cisco.com/site/us/en/learn/training-certifications/certifications/service-provider/ccie-service-provider/exams-and-training.html | C6: Current exam intent and lifecycle | D6: Plan, design, implement, operate, and optimize dual-stack SP networks
A7: CCIE Service Provider v5.1 equipment/software list | B7: https://learningnetwork.cisco.com/s/article/ccie-service-provider-v5-0-equipment-and-software-list | C7: Platform awareness | D7: Exact feature support depends on the lab image/release
A8: Cisco IOS XR configuration guides | B8: https://www.cisco.com/c/en/us/support/ios-nx-os-software/ios-xr-software/products-installation-and-configuration-guides-list.html | C8: Implementation reference | D8: Use release-matched guides while executing each lab
