Workbook

Sheet Dashboard
A1: IPsec VPN Mastery – Cookbook Lab Roadmap
A2: Based on Juniper Day One: IPsec VPN Cookbook 2018, adapted to the user's available lab images.
A4: Metric | B4: Value | D4: Phase | E4: Labs | F4: Completion
A5: Total labs | B5: =COUNTA('Lab Roadmap'!B2:B36) -> 35 | D5: Phase 0 – Design & Architecture | E5: =COUNTIF('Lab Roadmap'!$A$2:$A$36,D5) -> 1 | F5: =IF(E5=0,0,COUNTIFS('Lab Roadmap'!$A$2:$A$36,D5,'Lab Roadmap'!$K$2:$K$36,"Complete")/E5) -> 0
A6: Not Started | B6: =COUNTIF('Lab Roadmap'!K2:K36,"Not Started") -> 35 | D6: Phase 1 – Authentication | E6: =COUNTIF('Lab Roadmap'!$A$2:$A$36,D6) -> 6 | F6: =IF(E6=0,0,COUNTIFS('Lab Roadmap'!$A$2:$A$36,D6,'Lab Roadmap'!$K$2:$K$36,"Complete")/E6) -> 0
A7: In Progress | B7: =COUNTIF('Lab Roadmap'!K2:K36,"In Progress") -> 0 | D7: Phase 2 – Site-to-Site | E7: =COUNTIF('Lab Roadmap'!$A$2:$A$36,D7) -> 4 | F7: =IF(E7=0,0,COUNTIFS('Lab Roadmap'!$A$2:$A$36,D7,'Lab Roadmap'!$K$2:$K$36,"Complete")/E7) -> 0
A8: Complete | B8: =COUNTIF('Lab Roadmap'!K2:K36,"Complete") -> 0 | D8: Phase 3 – Overlap & NAT | E8: =COUNTIF('Lab Roadmap'!$A$2:$A$36,D8) -> 2 | F8: =IF(E8=0,0,COUNTIFS('Lab Roadmap'!$A$2:$A$36,D8,'Lab Roadmap'!$K$2:$K$36,"Complete")/E8) -> 0
A9: Other / Blocked | B9: =B5-B6-B7-B8 -> 0 | D9: Phase 4 – Dynamic Routing | E9: =COUNTIF('Lab Roadmap'!$A$2:$A$36,D9) -> 3 | F9: =IF(E9=0,0,COUNTIFS('Lab Roadmap'!$A$2:$A$36,D9,'Lab Roadmap'!$K$2:$K$36,"Complete")/E9) -> 0
D10: Phase 5 – ADVPN | E10: =COUNTIF('Lab Roadmap'!$A$2:$A$36,D10) -> 4 | F10: =IF(E10=0,0,COUNTIFS('Lab Roadmap'!$A$2:$A$36,D10,'Lab Roadmap'!$K$2:$K$36,"Complete")/E10) -> 0
D11: Phase 6 – GroupVPNv2 | E11: =COUNTIF('Lab Roadmap'!$A$2:$A$36,D11) -> 3 | F11: =IF(E11=0,0,COUNTIFS('Lab Roadmap'!$A$2:$A$36,D11,'Lab Roadmap'!$K$2:$K$36,"Complete")/E11) -> 0
A12: Recommended progression: 000 → 020-023 → 030-031 → 040-042 → 050-053 → 060-062 → 070-073 → 080-084 → 100-102 | D12: Phase 7 – Remote Access | E12: =COUNTIF('Lab Roadmap'!$A$2:$A$36,D12) -> 4 | F12: =IF(E12=0,0,COUNTIFS('Lab Roadmap'!$A$2:$A$36,D12,'Lab Roadmap'!$K$2:$K$36,"Complete")/E12) -> 0
D13: Phase 8 – Troubleshooting | E13: =COUNTIF('Lab Roadmap'!$A$2:$A$36,D13) -> 5 | F13: =IF(E13=0,0,COUNTIFS('Lab Roadmap'!$A$2:$A$36,D13,'Lab Roadmap'!$K$2:$K$36,"Complete")/E13) -> 0
D14: Phase 9 – Capstone | E14: =COUNTIF('Lab Roadmap'!$A$2:$A$36,D14) -> 3 | F14: =IF(E14=0,0,COUNTIFS('Lab Roadmap'!$A$2:$A$36,D14,'Lab Roadmap'!$K$2:$K$36,"Complete")/E14) -> 0

Sheet Lab Roadmap
A1: Phase | B1: Lab ID | C1: Lab | D1: Cookbook Basis | E1: Platform | F1: Primary Image / Stack | G1: Topology / Scope | H1: Key Objectives | I1: Difficulty | J1: Fidelity | K1: Status | L1: Source
A2: Phase 0 – Design & Architecture | B2: IPSEC-000 | C2: IPsec Design Decision | D2: Chapter 1 – Design / architecture | E2: Concept / Design | F2: None | G2: No device required; design exercises for fixed-site, overlap, hub-and-spoke, ADVPN, GroupVPN and remote access. | H2: Choose an appropriate VPN architecture for each use case; understand route-based vs policy-based concepts and core IPsec building blocks. | I2: Foundation | J2: Source-aligned | K2: Not Started | L2: https://www.juniper.net/documentation/en_US/day-one-books/DO_IPsec_VPNs_2018.pdf | M2: https://www.juniper.net/documentation/en_US/day-one-books/DO_IPsec_VPNs_2018.pdf
A3: Phase 1 – Authentication | B3: IPSEC-010 | C3: PKI Architecture | D3: Chapter 2 – PKI / authentication foundations | E3: Linux / Windows | F3: CA server | G3: CA → device certificates → trust / revocation services. | H3: Understand CA hierarchy, device certificates, trust anchors, CRL/OCSP/SCEP concepts. | I3: Foundation | J3: Source-aligned | K3: Not Started | L3: https://www.juniper.net/documentation/en_US/day-one-books/DO_IPsec_VPNs_2018.pdf | M3: https://www.juniper.net/documentation/en_US/day-one-books/DO_IPsec_VPNs_2018.pdf
A4: Phase 1 – Authentication | B4: IPSEC-011 | C4: CA + Certificate Enrollment | D4: Chapter 2 – Certificate enrollment | E4: cSRX | F4: meekley/csrx:23.4R1.9 | G4: CA connected to two cSRX nodes. | H4: Enroll certificates and validate certificate-based IKE authentication. | I4: Intermediate | J4: Adapted | K4: Not Started | L4: https://www.juniper.net/documentation/en_US/day-one-books/DO_IPsec_VPNs_2018.pdf | M4: https://www.juniper.net/documentation/en_US/day-one-books/DO_IPsec_VPNs_2018.pdf
A5: Phase 1 – Authentication | B5: IPSEC-012 | C5: OCSP / Certificate Validation | D5: Chapter 2 – OCSP / certificate validation | E5: cSRX + CA | F5: meekley/csrx:23.4R1.9 | G5: cSRX peers + CA/OCSP service. | H5: Validate certificates, test revocation and observe failed authentication after revocation. | I5: Intermediate | J5: Adapted | K5: Not Started | L5: https://www.juniper.net/documentation/en_US/day-one-books/DO_IPsec_VPNs_2018.pdf | M5: https://www.juniper.net/documentation/en_US/day-one-books/DO_IPsec_VPNs_2018.pdf
A6: Phase 1 – Authentication | B6: IPSEC-013 | C6: RADIUS / NPS | D6: Chapter 2 – RADIUS / NPS | E6: cSRX/vSRX + RADIUS | F6: cSRX 23.4 / vSRX 23.2 + FreeRADIUS | G6: VPN gateway connected to RADIUS service. | H6: Understand AAA flow, RADIUS client configuration and authentication behavior. | I6: Intermediate | J6: Adapted | K6: Not Started | L6: https://www.juniper.net/documentation/en_US/day-one-books/DO_IPsec_VPNs_2018.pdf | M6: https://www.juniper.net/documentation/en_US/day-one-books/DO_IPsec_VPNs_2018.pdf
A7: Phase 1 – Authentication | B7: IPSEC-014 | C7: Remote Access IKEv1 + RADIUS | D7: Chapter 2 / Chapter 5 – IKEv1 + RADIUS remote access | E7: vSRX + RADIUS + client | F7: eacik8ssrv6/juniper_vsrx:23.2R2.21 | G7: Remote client → vSRX → RADIUS. | H7: Reproduce legacy IKEv1/RADIUS remote-access behavior from the cookbook. | I7: Advanced | J7: Legacy / Adapted | K7: Not Started | L7: https://www.juniper.net/documentation/en_US/day-one-books/DO_IPsec_VPNs_2018.pdf | M7: https://www.juniper.net/documentation/en_US/day-one-books/DO_IPsec_VPNs_2018.pdf
A8: Phase 1 – Authentication | B8: IPSEC-015 | C8: IKEv2 + EAP-TLS | D8: Chapter 2 / Chapter 5 – IKEv2 EAP-TLS | E8: vSRX + RADIUS + CA | F8: eacik8ssrv6/juniper_vsrx:23.2R2.21 | G8: Client → IKEv2/EAP-TLS → vSRX → RADIUS/CA. | H8: Master client/server certificate authentication, EAP-TLS and IKEv2 flow. | I8: Advanced | J8: Adapted | K8: Not Started | L8: https://www.juniper.net/documentation/en_US/day-one-books/DO_IPsec_VPNs_2018.pdf | M8: https://www.juniper.net/documentation/en_US/day-one-books/DO_IPsec_VPNs_2018.pdf
A9: Phase 2 – Site-to-Site | B9: IPSEC-020 | C9: Site-to-Site Static Peers | D9: Chapter 3 – Site-to-Site using Static Peers | E9: cSRX | F9: meekley/csrx:23.4R1.9 | G9: LAN-A → cSRX-A ⇄ IPsec ⇄ cSRX-B → LAN-B. | H9: Configure IKE, IPsec, route-based VPN, st0, security policy and static routing. | I9: Foundation | J9: Source-aligned | K9: Not Started | L9: https://www.juniper.net/documentation/en_US/day-one-books/DO_IPsec_VPNs_2018.pdf | M9: https://www.juniper.net/documentation/en_US/day-one-books/DO_IPsec_VPNs_2018.pdf
A10: Phase 2 – Site-to-Site | B10: IPSEC-021 | C10: IKEv2 + PSK Baseline | D10: Chapter 3 – Site-to-Site fundamentals (adapted baseline) | E10: cSRX | F10: meekley/csrx:23.4R1.9 | G10: cSRX-A ⇄ IPsec ⇄ cSRX-B. | H10: Build the simplest reproducible IKEv2 + PSK route-based VPN baseline. | I10: Foundation | J10: Added / Adapted | K10: Not Started | L10: https://www.juniper.net/documentation/en_US/day-one-books/DO_IPsec_VPNs_2018.pdf | M10: https://www.juniper.net/documentation/en_US/day-one-books/DO_IPsec_VPNs_2018.pdf
A11: Phase 2 – Site-to-Site | B11: IPSEC-022 | C11: Source NAT Inside Tunnel | D11: Chapter 3 – Site-to-Site with Source NAT Inside Tunnel | E11: cSRX | F11: meekley/csrx:23.4R1.9 | G11: LAN-A → cSRX-A ⇄ IPsec ⇄ cSRX-B → LAN-B. | H11: Understand packet order across routing, NAT, security policy and IPsec encapsulation. | I11: Intermediate | J11: Source-aligned | K11: Not Started | L11: https://www.juniper.net/documentation/en_US/day-one-books/DO_IPsec_VPNs_2018.pdf | M11: https://www.juniper.net/documentation/en_US/day-one-books/DO_IPsec_VPNs_2018.pdf
A12: Phase 2 – Site-to-Site | B12: IPSEC-023 | C12: Source NAT Using Public IP | D12: Chapter 3 – Site-to-Site with Source NAT Using Public IP | E12: cSRX | F12: meekley/csrx:23.4R1.9 | G12: LAN-A → NAT/IPsec → cSRX-B → LAN-B. | H12: Observe translated inner traffic and encrypted outer transport addressing. | I12: Intermediate | J12: Source-aligned | K12: Not Started | L12: https://www.juniper.net/documentation/en_US/day-one-books/DO_IPsec_VPNs_2018.pdf | M12: https://www.juniper.net/documentation/en_US/day-one-books/DO_IPsec_VPNs_2018.pdf
A13: Phase 3 – Overlap & NAT | B13: IPSEC-030 | C13: Overlapping Subnets | D13: Chapter 3 – Site-to-Site with Overlapping Subnets | E13: cSRX | F13: meekley/csrx:23.4R1.9 | G13: 10.10.10.0/24 on both VPN sites. | H13: Build overlapping-address VPN using translation and route-based IPsec concepts. | I13: Intermediate | J13: Source-aligned | K13: Not Started | L13: https://www.juniper.net/documentation/en_US/day-one-books/DO_IPsec_VPNs_2018.pdf | M13: https://www.juniper.net/documentation/en_US/day-one-books/DO_IPsec_VPNs_2018.pdf
... A36: Phase 9 – Capstone | B36: IPSEC-102 | C36: Full IPsec Troubleshooting Challenge | D36: Integrated cookbook troubleshooting/verification | E36: Mixed | F36: Mixed | G36: Broken universal IPsec topology with multiple intentionally incorrect elements. | H36: Find, explain, fix and verify IKE, IPsec, policy, NAT, routing and certificate faults without a step-by-step guide. | I36: Expert | J36: Capstone / Added | K36: Not Started | L36: https://www.juniper.net/documentation/en_US/day-one-books/DO_IPsec_VPNs_2018.pdf | M36: https://www.juniper.net/documentation/en_US/day-one-books/DO_IPsec_VPNs_2018.pdf

Sheet Platform Matrix
A1: Platform / Image | B1: Exact Image / Stack | C1: Role in Roadmap | D1: Important Constraints / Notes | E1: Primary Labs
A2: cSRX 23.4R1.9 | B2: meekley/csrx:23.4R1.9 | C2: Primary for basic site-to-site, NAT, overlap, IKEv2, certificate, hub-and-spoke | D2: Does not support dynamic routing over st0; IKEv1 limitations apply. | E2: IPsec-011,012,013,020-023,030
A3: cSRX 22.4R2.8 | B3: mturton/csrx:22.4R2.8 | C3: Compatibility / fallback image | D3: Use only when 23.4 image behavior differs or a legacy comparison is useful. | E3: Optional comparison
A4: vSRX 23.2R2.21 | B4: eacik8ssrv6/juniper_vsrx:23.2R2.21 | C4: Advanced IPsec, dynamic routing over st0, ADVPN/GroupVPN experiments, remote access | D4: QEMU/vrnetlab VM; runtime config uses HTTP loader in our lab design. | E4: IPSEC-031,040-042,050-073,080-101
A5: cRPD | B5: Juniper cRPD image | C5: Simulated ISP / underlay routing (OSPF/BGP/etc.) | D5: Not used as the SRX IPsec endpoint in this roadmap. | E5: IPSEC-052,053,101
A6: network-multitool | B6: ghcr.io/srl-labs/network-multitool:latest | C6: Traffic endpoint, tcpdump, ping, route tests | D6: Endpoint/test utility only. | E6: IPSEC-020-023,030-031,040-041,083-084
A7: Linux CA | B7: Linux | C7: Certificate authority / PKI lab services | D7: Implementation may use OpenSSL or another CA stack; cookbook originally uses Microsoft CA components. | E7: IPSEC-010-012,015,073
A8: FreeRADIUS | B8: Linux | C8: RADIUS / AAA lab service | D8: Cookbook's original NPS environment can be approximated with FreeRADIUS; exact Windows recreation requires Windows. | E8: IPSEC-013-015,072-073
A9: Windows + NCP | B9: Windows VM | C9: Exact cookbook remote-access client/management workflow | D9: Only required for exact NCP reproduction. | E9: IPSEC-014,071

Sheet Sources
A1: Source | B1: URL | C1: Purpose
A2: Juniper Day One: IPsec VPN Cookbook 2018 | B2: https://www.juniper.net/documentation/en_US/day-one-books/DO_IPsec_VPNs_2018.pdf | C2: Primary source used as roadmap backbone.
A3: Juniper containerlab – cSRX kind | B3: https://containerlab.dev/manual/kinds/csrx/ | C3: Containerlab cSRX node/image and startup-config behavior.
A4: Juniper containerlab – vSRX kind | B4: https://containerlab.dev/manual/kinds/vr-vsrx/ | C4: Containerlab vSRX/vrnetlab behavior and startup configuration.
A5: Juniper cSRX feature support | B5: https://www.juniper.net/documentation/us/en/software/csrx/csrx-consolidated-deployment-guide/topics/concept/security-csrx-docker-feature-support.html | C5: cSRX IPsec and routing feature boundaries used in platform mapping.
A6: Juniper route-based IPsec VPNs | B6: https://www.juniper.net/documentation/us/en/software/junos/vpn-ipsec/topics/topic-map/security-route-based-ipsec-vpns.html | C6: Junos route-based VPN/st0 concepts used in lab sequencing.
A7: Juniper Junos 'load' command | B7: https://www.juniper.net/documentation/us/en/software/junos/cli-reference/topics/ref/statement/load.html | C7: Junos load command and URL-based config loading.
